ID,Name,Glottocode,Glottolog_Name,ISO639P3code,Macroarea,Latitude,Longitude,Family
Achagua,achagua,acha1250,Achagua,aca,South America,4.38649,-72.2005,Arawakan
Awa,awa,awac1239,Awa-Cuaiquer,kwi,South America,1.21652,-78.3401,Barbacoan
Baniva,baniva,bani1254,Avane,bvv,South America,5.26123,-67.5633,Arawakan
Barasana,barasana,bara1380,Barasana-Eduria,bsn,South America,0.02193,-70.808,Tucanoan
Bara,bará,waim1255,Waimaha,bao,South America,0.30416,-70.1644,Tucanoan
Bari,barí,bari1297,Barí,mot,South America,9.08497,-72.9353,Chibchan
Bora,bora,bora1263,Bora,boa,South America,-2.91467,-68.9093,Boran
Cabiyari,cabiyarí,cabi1241,Cabiyarí,cbb,South America,0.16101,-71.0622,Arawakan
Carapana,carapana,cara1272,Carapana,cbc,South America,0.06168,-69.6465,Tucanoan
Carijona,carijona,cari1279,Carijona,cbd,South America,1.21894,-72.0664,Cariban
Catio,catío,embe1260,Emberá-Catío,cto,South America,7.52721,-76.7476,Chocoan
Chapalaachi,cha'palaachi,chac1249,Cha'palaa,cbi,South America,0.71489,-79.0508,Barbacoan
Chimila,chimila,chim1309,Chimila,cbg,South America,10.1902,-74.2559,Chibchan
Cubeo,cubeo,cube1242,Cubeo,cub,South America,1.32382,-70.1939,Tucanoan
Cuiba,cuiba,cuib1242,Cuiba,cui,South America,6.19829,-69.8197,Guahiboan
Curripaco,curripaco,curr1243,Curripaco,kpc,South America,0.69618,-67.5028,Arawakan
Desano,desano,desa1247,Desano,des,South America,0.58157,-69.4955,Tucanoan
Dimina,dí̵mi̵na,mala1522,Malayo,mbp,South America,10.9286,-73.4056,Chibchan
EmberaDarien,embera Darién,nort2972,Northern Emberá,emp,South America,7.12761,-77.574,Chocoan
EmberaTado,embera Tadó,embe1261,Emberá-Tadó,tdc,South America,5.23658,-77.1533,Chocoan
EmberaChami,embera chamí,embe1262,Emberá-Chamí,cmi,South America,4.8791,-76.0749,Chocoan
EpenaSaija,epena Saija,epen1239,Epena,sja,South America,4.25877,-77.3566,Chocoan
EpenaBasurudo,epena basurudó,epen1239,Epena,sja,South America,4.25877,-77.3566,Chocoan
Giacone,giacone,tari1256,Tariana,tae,South America,0.440205,-68.9042,Arawakan
Guahibo,guahibo,guah1255,Sikuani,guh,South America,5.81736,-68.9839,Guahiboan
Guambiano,guambiano,guam1248,Guambiano,gum,South America,2.55849,-76.582,Barbacoan
Guayabero,guayabero,guay1257,Guayabero,guo,South America,2.8969,-71.844,Guahiboan
Ika,ika,arhu1242,Arhuaco,arh,South America,10.7018,-73.6363,Chibchan
Inga,inga,inga1252,Colombian Inga,inb,South America,1.00313,-76.8606,Quechuan
Jitnu,jitnu,maca1259,Hitnu,mbn,South America,6.34582,-71.2671,Guahiboan
Jupda,jupda,hupd1244,Hup,jup,South America,0.58622,-69.8359,Naduhup
Kakua,kakua,cacu1241,Kakua,cbv,South America,0.88778,-69.5659,Kakua-Nukak
Kamsa,kamsá,cams1241,Camsá,kbh,South America,1.14537,-76.8931,Camsá
Kogui,kogui,cogu1240,Cogui,kog,South America,10.9485,-73.8043,Chibchan
Koreguaje,koreguaje,kore1283,Koreguaje,coe,South America,0.92316,-75.3475,Tucanoan
Macuna,macuna,macu1260,Macuna,myy,South America,-0.14459,-70.0749,Tucanoan
Mirana,miraña,bora1263,Bora,boa,South America,-2.91467,-68.9093,Boran
Muinane,muinane,muin1242,Muinane,bmr,South America,-0.8652,-72.4249,Boran
Nukak,nukak,nuka1242,Nukak Makú,mbr,South America,2.65939,-71.4629,Kakua-Nukak
Ocaina,ocaina,ocai1244,Ocaina,oca,South America,-2.159,-72.1422,Huitotoan
Orejon,orejón,orej1242,Maijiki,ore,South America,-2.86315,-72.4926,Tucanoan
Piapoco,piapoco,piap1246,Piapoco,pio,South America,4.37718,-68.5953,Arawakan
Piratapuyo,piratapuyo,pira1254,Wa'ikhana,pir,South America,0.50714,-69.5032,Tucanoan
Playero,playero,play1240,Playero,gob,South America,6.90948,-71.0036,Guahiboan
Puinave,puinave,puin1248,Puinave,pui,South America,3.92974,-67.6886,Puinave
Paez,páez,paez1247,Páez,pbb,South America,2.61516,-76.3125,Páez
Resigaro,resígaro,resi1247,Resígaro,rgr,South America,-2.48139,-71.3578,Arawakan
Secoya,secoya,seco1241,Secoya,sey,South America,-0.459785,-75.5547,Tucanoan
Siona,siona,sion1247,Siona-Tetete,snn,South America,0.31733,-76.0237,Tucanoan
Siriano,siriano,siri1274,Siriano,sri,South America,0.436515,-70.184,Tucanoan
Saliba,sáliba,sali1298,Sáliba,slc,South America,5.30115,-69.3843,Saliban
Tanimuca,tanimuca,tani1257,Tanimuca-Retuarã,tnc,South America,-0.59023,-70.3853,Tucanoan
Tariano,tariano,tari1256,Tariana,tae,South America,0.440205,-68.9042,Arawakan
Tatuyo,tatuyo,tatu1247,Tatuyo,tav,South America,0.55582,-70.5327,Tucanoan
Totoro,totoró,toto1306,Totoro,ttk,South America,2.55149,-76.6379,Barbacoan
TsafiquiPila,tsafiqui pila,colo1256,Tsafiki,cof,South America,-0.21181,-79.2347,Barbacoan
Tucano,tucano,tuca1252,Tucano,tuo,South America,0.579755,-69.5763,Tucanoan
TuneboCentral,tunebo central,cent2150,Central Tunebo,tuf,South America,6.8867,-72.097,Chibchan
Tuyuca,tuyuca,tuyu1244,Tuyuca,tue,South America,0.39441,-70.043515,Tucanoan
Waimaja,waimaja,waim1255,Waimaha,bao,South America,0.30416,-70.1644,Tucanoan
Wanano,wanano,guan1269,Kotiria,gvc,South America,1.07554,-69.5705,Tucanoan
Wayuu,wayuu,wayu1243,Wayuu,guc,South America,11.395566,-72.199791,Arawakan
WitotoMinica,witoto mi̵ni̵ca,mini1256,Minica Huitoto,hto,South America,-1.54535,-73.1107,Huitotoan
WitotoMurui,witoto murui,muru1274,Murui Huitoto,huu,South America,-1.13669,-73.8331,Huitotoan
WitotoNipode,witoto ni̵pode,nupo1240,Nüpode Huitoto,hux,South America,-2.34495,-70.9559,Huitotoan
Wounaan,wounaan,woun1238,Woun Meu,noa,South America,8.5,-78,Chocoan
Yucuna,yucuna,yucu1253,Yucuna,ycn,South America,-0.76075,-71.0033,Arawakan
Yukpa,yukpa,yukp1241,Yukpa,yup,South America,9.67534,-73.0557,Cariban
Yuruti,yurutí,yuru1263,Yurutí,yui,South America,0.735585,-69.6955,Tucanoan
