Family,Language,Glottocode,Gloss,Portuguese gloss,Phonemicized Form
Arawakan,Proto-Arawakan,,head,cabeça,*-kɨwɨ
Arawakan,Proto-Arawakan,,eye,olho,*-l(-)ʊkɨ
Arawakan,Proto-Arawakan,,ear,orelha,*[da]kenai
Arawakan,Proto-Arawakan,,nose,nariz,*-kiri
Arawakan,Proto-Arawakan,,mouth,boca,*-kanakɨ;*-nʊma
Arawakan,Proto-Arawakan,,lip,lábio,*kira-
Arawakan,Proto-Arawakan,,teeth,dente,*-atsɨ-wɨ
Arawakan,Proto-Arawakan,,tongue,língua,*-neni
Arawakan,Proto-Arawakan,,nail,unha,*-tsʊta
Arawakan,Proto-Arawakan,,nail,unha,*-hʊba-da
Arawakan,Proto-Arawakan,,leg,perna,*kawa
Arawakan,Proto-Arawakan,,foot,pé,*-kidiba
Arawakan,Proto-Arawakan,,hip,coxa,*-pʊkɨ
Arawakan,Proto-Arawakan,,leg,perna,*-kati
Arawakan,Proto-Arawakan,,hand,mão,*-khapɨ;*kabi
Arawakan,Proto-Arawakan,,arm,braço,*-kanʊ
Arawakan,Proto-Arawakan,,arm,braço,*-dana
Arawakan,Proto-Arawakan,,excrement,excremento,*-idika
Arawakan,Proto-Arawakan,,urine,urina,*-tsinɨ
Arawakan,Proto-Arawakan,,to urinate,urinar,*-(a)laka
Arawakan,Proto-Arawakan,,neck,pescoço,*-nʊ
Arawakan,Proto-Arawakan,,chest,peito,*-dʊkʊ
Arawakan,Proto-Arawakan,,breast,seio,*-dɨnɨ
Arawakan,Proto-Arawakan,,bone,osso,*(n)apɨ
Arawakan,Proto-Arawakan,,blood,sangue,*-ɨtha
Arawakan,Proto-Arawakan,,flesh,carne,*-ɨdɨ-
Arawakan,Proto-Arawakan,,skin,pele,*-ɨma
Arawakan,Proto-Arawakan,,bark,casca,*-ɨda
Arawakan,Proto-Arawakan,,flower,flor,*-çɨwɨ
Arawakan,Proto-Arawakan,,root,raiz,*dabarɨ
Arawakan,Proto-Arawakan,,leaf,folha,*-bana
Arawakan,Proto-Arawakan,,seed,semente,*-ikɨ
Arawakan,Proto-Arawakan,,tail,cauda,*-idi-pi
Arawakan,Proto-Arawakan,,woman,mulher,*tsɨna-rʊ
Arawakan,Proto-Arawakan,,wife,esposa,*-inʊ
Arawakan,Proto-Arawakan,,mother,mãe,*-ɨnʊ
Arawakan,Proto-Arawakan,,sun,sol,*kamʊi
Arawakan,Proto-Arawakan,,high,"céu,alto",*jenʊ
Arawakan,Proto-Arawakan,,light,luz,*lʊkʊ
Arawakan,Proto-Arawakan,,day,dia,*kedekʊ
Arawakan,Proto-Arawakan,,moon,lua,*kaçɨthɨ;*kahithi
Arawakan,Proto-Arawakan,,water,água,*hʊnɨ;*wene
Arawakan,Proto-Arawakan,,water,água,*-la
Arawakan,Proto-Arawakan,,river,rio,*wakʊ
Arawakan,Proto-Arawakan,,house,casa,*-pana
Arawakan,Proto-Arawakan,,village,aldeia,*-wɨnaka-[ree]
Arawakan,Proto-Arawakan,,earth,terra,*kɨpakɨ; *kipatʃi
Arawakan,Proto-Arawakan,,"rock, stone",pedra,*kɨba
Arawakan,Proto-Arawakan,,"rock, stone",pedra,*(h)epɨtsi
Arawakan,Proto-Arawakan,,sand,areia,*kadɨ
Arawakan,Proto-Arawakan,,fire,fogo,*dika-ri
Arawakan,Proto-Arawakan,,wood (material),lenha,*tsɨma
Arawakan,Proto-Arawakan,,path,caminho,*-atɨn-apʊ;*adɨnapʊ
Arawakan,Proto-Arawakan,,night,"noite,preto",*la-
Arawakan,Proto-Arawakan,,salt,sal,*ɨtɨwɨ
Arawakan,Proto-Arawakan,,canoe,canoa,*(h)ita
Arawakan,Proto-Arawakan,,cold,frio,*(a)wada-rɨ
Arawakan,Proto-Arawakan,,thought,pesado,*haɨmɨna
Arawakan,Proto-Arawakan,,,comprido,*awia
Arawakan,Proto-Arawakan,,long,longe,*tekʊ
Arawakan,Proto-Arawakan,,red,vermelho,*ɨra
Arawakan,Proto-Arawakan,,green,verde,*hipʊrV
Arawakan,Proto-Arawakan,,"sour, acid",azedo,*kada-ma
Arawakan,Proto-Arawakan,,bitter,amargo,*kepi-tsi;*kepidi
Arawakan,Proto-Arawakan,,to drink,beber,*-dɨtha
Arawakan,Proto-Arawakan,,to eat,comer,*-(a)nika
Arawakan,Proto-Arawakan,,to bite,morder,*-arʊ
Arawakan,Proto-Arawakan,,to open,ouvir,*-kema
Arawakan,Proto-Arawakan,,to sleep,dormir,*-dɨmaka
Arawakan,Proto-Arawakan,,dream,sonho,*-tapʊni
Arawakan,Proto-Arawakan,,to die,morrer,*kama-i
Arawakan,Proto-Arawakan,,to die,morrer,*-maini
Arawakan,Proto-Arawakan,,to kill,matar,*-inʊ
Arawakan,Proto-Arawakan,,to go,ir,*(i)lanɨ
Arawakan,Proto-Arawakan,,to arrive,chegar,*-ka
Arawakan,Proto-Arawakan,,to say,dizer,*-ɨma
Arawakan,Proto-Arawakan,,to wash,lavar,*-kiba
Arawakan,Proto-Arawakan,,to bathe,tomar banho,*-aka
Arawakan,Proto-Arawakan,,to vomit,vomitar,*-tikia
Arawakan,Proto-Arawakan,,to fly,voar,*-ara
Arawakan,Proto-Arawakan,,to swim,nadar,*-amatha
Arawakan,Proto-Arawakan,,seated,sentado,*-ʊwa
Arawakan,Proto-Arawakan,,to make sth.,fazer,*tʊma
Arawakan,Proto-Arawakan,,to shorten sth.,cortar,*tʊka
Arawakan,Proto-Arawakan,,to cry,chorar,*-hija
Arawakan,Proto-Arawakan,,to dig,cavar,*-kɨka
Arawakan,Proto-Arawakan,,to hurt,doer,*katsɨwi
Arawakan,Proto-Arawakan,,I,eu,*nʊ-
Arawakan,Proto-Arawakan,,you (sg.),tu,*pɨ-
Arawakan,Proto-Arawakan,,we,nós,*wa-
Arawakan,Proto-Arawakan,,you (pl.),vós,*hi-
Arawakan,Proto-Arawakan,,,3SG,*ɨnɨ	
Arawakan,Proto-Arawakan,,,3REFL,*pa-
Arawakan,Proto-Arawakan,,positive,positivo,*ka-
Arawakan,Proto-Arawakan,,negative,negativo,*ma-
Arawakan,Proto-Arawakan,,,independentizador,*-tsi
Arawakan,Proto-Arawakan,,,dependentizador,*-ni
Arawakan,Proto-Arawakan,,,dependentizador,*-rai
Arawakan,Proto-Arawakan,,plural,plural,*-nawɨ	
Arawakan,Proto-Arawakan,,plural,plural,*-be
Arawakan,Proto-Arawakan,,past,passado,*-ini
Arawakan,Proto-Arawakan,,one,um,*aba
Arawakan,Proto-Arawakan,,two,dois,*pʊhinama
Arawakan,Proto-Arawakan,,animal,animal,*pɨra
Arawakan,Proto-Arawakan,,,tatu,*iwetɨ
Arawakan,Proto-Arawakan,,,paca,*laba
Arawakan,Proto-Arawakan,,,cutia,*pɨkʊɨrɨ;*pikɨli
Arawakan,Proto-Arawakan,,,rato,*kihili
Arawakan,Proto-Arawakan,,,anta,*kema
Arawakan,Proto-Arawakan,,,quati,*kapiti;*kapedi
Arawakan,Proto-Arawakan,,,macaco-prego,*pʊadɨ
Arawakan,Proto-Arawakan,,bird,ave,*kʊdɨbɨra;*kʊdipira
Arawakan,Proto-Arawakan,,duck,pato,*hʊbai
Arawakan,Proto-Arawakan,,,jacu,*maradɨ
Arawakan,Proto-Arawakan,,,cujubim,*kʊlʊi
Arawakan,Proto-Arawakan,,,beija-flor,*pimɨtɨ
Arawakan,Proto-Arawakan,,,jabuti,*hikʊri;*hikʊli
Arawakan,Proto-Arawakan,,fish,peixe,*kʊpakɨ
Arawakan,Proto-Arawakan,,,tocandira,*mainahɨ
Arawakan,Proto-Arawakan,,,cupim,*kamatha	
Arawakan,Proto-Arawakan,,bee,abelha,*maba
Arawakan,Proto-Arawakan,,mitch,mosquito,*hainɨjʊ
Arawakan,Proto-Arawakan,,louse,piolho,*ini
Arawakan,Proto-Arawakan,,tree,árvore,*ada
Arawakan,Proto-Arawakan,,,urucu,*hapɨ-kɨri	
Arawakan,Proto-Arawakan,,manioc,mandioca,*kaini
Arawakan,Proto-Arawakan,,sweet potato,batata-doce,*kalithi	
Arawakan,Proto-Arawakan,,arrow,flecha,*tʊkʊ