Family,Language,Glottocode,Gloss,Phonemicized Form
Chicham,Proto-Shuar,,caña de azúcar,*pagaata
Chicham,Proto-Shuar,,huangana,*páki
Chicham,Proto-Shuar,,"tapir, sachavaca",*pamáu
Chicham,Proto-Shuar,,piedra suave; rocas,*pámpa
Chicham,Proto-Shuar,,piraña; caribe (pez),*páni
Chicham,Proto-Shuar,,boa,*pangki
Chicham,Proto-Shuar,,hacer con madera,*papá-
Chicham,Proto-Shuar,,balsa,*pápangku
Chicham,Proto-Shuar,,hacer nido,*pásu-
Chicham,Proto-Shuar,,piso,*páta
Chicham,Proto-Shuar,,cansarse,*pimpí-
Chicham,Proto-Shuar,,gavilán,*pínchu
Chicham,Proto-Shuar,,plato de barro,*piníngka
Chicham,Proto-Shuar,,avispa pequeña,*piyu
Chicham,Proto-Shuar,,lateralmente; lado,*pee
Chicham,Proto-Shuar,,cama,*pegáka
Chicham,Proto-Shuar,,lleno,*pigákuu
Chicham,Proto-Shuar,,poner huevos,*petsá-
Chicham,Proto-Shuar,,vestido,*pee-tái-
Chicham,Proto-Shuar,,relámpago,*pééma
Chicham,Proto-Shuar,,enredar,*pempé-
Chicham,Proto-Shuar,,enroscar,*pénu-
Chicham,Proto-Shuar,,bueno o agradable,*péngkenga
Chicham,Proto-Shuar,,sapo,*puwáchi
Chicham,Proto-Shuar,,pálido,*putsu
Chicham,Proto-Shuar,,quedar,*puhá-
Chicham,Proto-Shuar,,blanco,*púhu
Chicham,Proto-Shuar,,lechuza,*púmput(u)
Chicham,Proto-Shuar,,cerrar los ojos,*pusá-
Chicham,Proto-Shuar,,savia,*púwa-
Chicham,Proto-Shuar,,rana,*puwínta
Chicham,Proto-Shuar,,arpón,*púya
Chicham,Proto-Shuar,,decir,*ta-
Chicham,Proto-Shuar,,venir de abajo,*ta
Chicham,Proto-Shuar,,trabajar,*ta(ká-)
Chicham,Proto-Shuar,,cargar en la mano,*taka-
Chicham,Proto-Shuar,,guacamayo; amarillo,*takúmpe
Chicham,Proto-Shuar,,liso,*taménga
Chicham,Proto-Shuar,,hamaca,*támpu
Chicham,Proto-Shuar,,estera,*tanísha
Chicham,Proto-Shuar,,caña brava,*tangkána
Chicham,Proto-Shuar,,domesticado,*tangku
Chicham,Proto-Shuar,,tabla en que se hacen ollas,*tátangki
Chicham,Proto-Shuar,,pájaro carpintero,*tatashama
Chicham,Proto-Shuar,,corona,*tawáasa
Chicham,Proto-Shuar,,rodilla,*tikíshi
Chicham,Proto-Shuar,,hilo para amarrar vestido,*tingingkása
Chicham,Proto-Shuar,,grillo,*tingkisháapi
Chicham,Proto-Shuar,,nuez de la garganta,*títi
Chicham,Proto-Shuar,,alacrán,*titíngki
Chicham,Proto-Shuar,,piojo,*téma
Chicham,Proto-Shuar,,tener comezón; está irritado,*tengé-
Chicham,Proto-Shuar,,acostarse,*tepa-
Chicham,Proto-Shuar,,mosca,*téte
Chicham,Proto-Shuar,,atascar,*tuhí-
Chicham,Proto-Shuar,,caída de agua,*túna
Chicham,Proto-Shuar,,araña chica,*túnchi
Chicham,Proto-Shuar,,vuelta del río,*tuniku
Chicham,Proto-Shuar,,aljaba (calabaza en que se guarda algodón),*túnta
Chicham,Proto-Shuar,,arco iris,*tungkiyángka
Chicham,Proto-Shuar,,"huacara-pona, chonta",*tuntúwampi
Chicham,Proto-Shuar,,tambor,*túntuwi
Chicham,Proto-Shuar,,espalda,*tuntúpe
Chicham,Proto-Shuar,,deshacer,*tunga-
Chicham,Proto-Shuar,,laringe; nuez de la garganta,*tungú
Chicham,Proto-Shuar,,bejuco,*káapi
Chicham,Proto-Shuar,,mosca pequeña,*kaape
Chicham,Proto-Shuar,,duro,*katsúngama
Chicham,Proto-Shuar,,olvidar,*kahi-
Chicham,Proto-Shuar,,enojar,*kahé-
Chicham,Proto-Shuar,,hermana de mujer,*kai
Chicham,Proto-Shuar,,carbón,*kái
Chicham,Proto-Shuar,,fuerte,*kaka-
Chicham,Proto-Shuar,,podrido,*ka(ka-ngú)
Chicham,Proto-Shuar,,apretado; lleno,*káki
Chicham,Proto-Shuar,,comején,*kámau
Chicham,Proto-Shuar,,dormir,*kana-
Chicham,Proto-Shuar,,sueño,*kángi
Chicham,Proto-Shuar,,boquichico (pez),*kángka
Chicham,Proto-Shuar,,espinilla,*kangkáhi
Chicham,Proto-Shuar,,raíz,*kangkápe
Chicham,Proto-Shuar,,ladrón,*kása
Chicham,Proto-Shuar,,"agutí, paca",*(k)ásha(i)
Chicham,Proto-Shuar,,noche,*káshi
Chicham,Proto-Shuar,,mañana,*kashíni
Chicham,Proto-Shuar,,pene,*káta
Chicham,Proto-Shuar,,cruzar el río,*katít-
Chicham,Proto-Shuar,,ratón,*katipi
Chicham,Proto-Shuar,,juntarse muchos,*kau-na-
Chicham,Proto-Shuar,,podrido,*kaú-
Chicham,Proto-Shuar,,loro,*kawáu
Chicham,Proto-Shuar,,piedra,*káya
Chicham,Proto-Shuar,,tarde,*kiyánga
Chicham,Proto-Shuar,,pescado,*kihínu
Chicham,Proto-Shuar,,anochecer; día,*kinta
Chicham,Proto-Shuar,,perico,*(kí)ngusa
Chicham,Proto-Shuar,,tener sed,*kitá-
Chicham,Proto-Shuar,,bambú,*kéngku
Chicham,Proto-Shuar,,tucán,*kénguwa
Chicham,Proto-Shuar,,llaga,*kuchápa
Chicham,Proto-Shuar,,zarigüeya,*kuhánchama
Chicham,Proto-Shuar,,pierna,*kuhápe
Chicham,Proto-Shuar,,ardilla,*kunámpe
Chicham,Proto-Shuar,,animal,*kúntinu
Chicham,Proto-Shuar,,brazo,*kúntu
Chicham,Proto-Shuar,,pensativo,*kúntutsa
Chicham,Proto-Shuar,,cuello,*kuntúha
Chicham,Proto-Shuar,,el tiempo de engordar; grasa,*kúntu-ka
Chicham,Proto-Shuar,,oler,*kuntuú-
Chicham,Proto-Shuar,,paludismo,*kúngamaka
Chicham,Proto-Shuar,,puerco espín,*kúngu
Chicham,Proto-Shuar,,caracol de tierra,*kúngku
Chicham,Proto-Shuar,,tortuga,*kungkuwíma
Chicham,Proto-Shuar,,ungurahui (palmera),*kungkúki
Chicham,Proto-Shuar,,hormiga,*kúpita
Chicham,Proto-Shuar,,llaga,*kuwíma
Chicham,Proto-Shuar,,oreja,*kuwíshi
Chicham,Proto-Shuar,,pava,*kúyu
Chicham,Proto-Shuar,,bajar,*ku (yú-)
Chicham,Proto-Shuar,,sano; sanar,*tsaga-
Chicham,Proto-Shuar,,tabaco,*tsaangku
Chicham,Proto-Shuar,,suegra,*tsatsa
Chicham,Proto-Shuar,,punta,*tsaká-ngi-
Chicham,Proto-Shuar,,barro,*tsakúsa
Chicham,Proto-Shuar,,madurar; plátano maduro,"*tsamá-, tsamáu"
Chicham,Proto-Shuar,,dedo,*tsánga
Chicham,Proto-Shuar,,calabaza,*tsápa
Chicham,Proto-Shuar,,amanecer,*tsa(wá-)
Chicham,Proto-Shuar,,veneno,*tségasa
Chicham,Proto-Shuar,,fría; tengo frío,*tse(tsé)-
Chicham,Proto-Shuar,,correr,*tséke-
Chicham,Proto-Shuar,,dardo,*tsétsaka
Chicham,Proto-Shuar,,araña,*tsénge
Chicham,Proto-Shuar,,tucán,*tsukangkáa
Chicham,Proto-Shuar,,río abajo,*tsu(mú-)
Chicham,Proto-Shuar,,caracol de río,*tsúntsu
Chicham,Proto-Shuar,,arrancar,*tsu(ngí-)
Chicham,Proto-Shuar,,cortar,*tsúpi-
Chicham,Proto-Shuar,,curar,*tsuwá-
Chicham,Proto-Shuar,,caliente,*tsuwenga
Chicham,Proto-Shuar,,apretar,*cha-
Chicham,Proto-Shuar,,puente,*cháka
Chicham,Proto-Shuar,,canasta,*changkína
Chicham,Proto-Shuar,,yarina (palmera),*chápi
Chicham,Proto-Shuar,,hablar,*chi(chá)
Chicham,Proto-Shuar,,golondrina,*chinímpi
Chicham,Proto-Shuar,,carrizo grande,*chingkána
Chicham,Proto-Shuar,,ave,*chíngki
Chicham,Proto-Shuar,,leña,*chíngkimi(n)
Chicham,Proto-Shuar,,mono machín,*chénge
Chicham,Proto-Shuar,,gallinazo,*chuwángka
Chicham,Proto-Shuar,,codo,*chungk(úni)
Chicham,Proto-Shuar,,mojarse,*chupi-
Chicham,Proto-Shuar,,mono coto; choro (mono),*chúu
Chicham,Proto-Shuar,,cuñado de hombre,*sái
Chicham,Proto-Shuar,,"cáscara, corteza",*saepe
Chicham,Proto-Shuar,,oruga (gusano),*sápi
Chicham,Proto-Shuar,,chorrito de agua,*sása
Chicham,Proto-Shuar,,espuma,*sáu
Chicham,Proto-Shuar,,dar; vender,*su-
Chicham,Proto-Shuar,,"epidemia, tos",*sungkúnga
Chicham,Proto-Shuar,,barba,*súsu
Chicham,Proto-Shuar,,cojear,*sutu-
Chicham,Proto-Shuar,,madrugada; medionoche,*suwa-
Chicham,Proto-Shuar,,pulmones,*(su)wách(i)
Chicham,Proto-Shuar,,cuello,*súwe
Chicham,Proto-Shuar,,rata de agua,*shakuwa
Chicham,Proto-Shuar,,"alegre, bien",*shiinga
Chicham,Proto-Shuar,,flecha,*shikí (tu)
Chicham,Proto-Shuar,,paloma,*shimpa
Chicham,Proto-Shuar,,cantar,*shi(ná-)
Chicham,Proto-Shuar,,chonta (palmera),*shíngki
Chicham,Proto-Shuar,,"aplastar, llenar, empujar",*shíta-
Chicham,Proto-Shuar,,enemigo; gente,*shuwánga
Chicham,Proto-Shuar,,armadillo,*(sh)ushu(wi)
Chicham,Proto-Shuar,,cucaracha grande,*shuúta
Chicham,Proto-Shuar,,negro,*shuwína
Chicham,Proto-Shuar,,morir,*ha-
Chicham,Proto-Shuar,,ropa,*háanchi
Chicham,Proto-Shuar,,mandíbula; boca,*hángke
Chicham,Proto-Shuar,,venado,*hápa
Chicham,Proto-Shuar,,barrer; escoba,*hapí-
Chicham,Proto-Shuar,,"candela; ojo, fuego",*hii
Chicham,Proto-Shuar,,asar,*hiyá-
Chicham,Proto-Shuar,,salir,*hii-na-
Chicham,Proto-Shuar,,dos,*hímanga
Chicham,Proto-Shuar,,murciélago,*(h)íncham(a)
Chicham,Proto-Shuar,,"camino, trocha",*hínta
Chicham,Proto-Shuar,,fruto; semilla,*hingkai
Chicham,Proto-Shuar,,amarrar; atar,*hingká-
Chicham,Proto-Shuar,,"llegar; distancia, alargar",*hegá-
Chicham,Proto-Shuar,,casa,*hega
Chicham,Proto-Shuar,,picaflor,*hémpe
Chicham,Proto-Shuar,,cana,*hempee
Chicham,Proto-Shuar,,este,*hu
Chicham,Proto-Shuar,,coger,*huú-
Chicham,Proto-Shuar,,secar,*huhú-
Chicham,Proto-Shuar,,parir,*húnge-
Chicham,Proto-Shuar,,matar,*ma-
Chicham,Proto-Shuar,,es suficiente,*máakee
Chicham,Proto-Shuar,,mono blanco,*machíngku
Chicham,Proto-Shuar,,ambos,*mai
Chicham,Proto-Shuar,,bañar,*maí-
Chicham,Proto-Shuar,,floripondio,*maikuwa
Chicham,Proto-Shuar,,sonajero,*mákicha
Chicham,Proto-Shuar,,muslo,*máku
Chicham,Proto-Shuar,,yuca,*máma
Chicham,Proto-Shuar,,zancudo,*mánchu
Chicham,Proto-Shuar,,paujil,*máshu
Chicham,Proto-Shuar,,pulmones,*mayái
Chicham,Proto-Shuar,,mar,*nayántsa
Chicham,Proto-Shuar,,frío,*mícha
Chicham,Proto-Shuar,,rozar,*mée-
Chicham,Proto-Shuar,,"husmear, heder; oler",*mehé-
Chicham,Proto-Shuar,,izquierdo; ausentar; desviar,*ména
Chicham,Proto-Shuar,,"herir, romper",*mesé-
Chicham,Proto-Shuar,,igual,*méteke
Chicham,Proto-Shuar,,piedra áspera; rocas,*muchíngki
Chicham,Proto-Shuar,,olla grande,*muwitsa
Chicham,Proto-Shuar,,"fumar, chupar; humo, nubes",*mukú-
Chicham,Proto-Shuar,,piojo de gallina; pulga,*mukútsapa
Chicham,Proto-Shuar,,sapo,*mukúntu
Chicham,Proto-Shuar,,"leche, teta",*múntsu
Chicham,Proto-Shuar,,"cerro, loma",*múnga
Chicham,Proto-Shuar,,cabeza,*muu(ké)
Chicham,Proto-Shuar,,nombre,*naa
Chicham,Proto-Shuar,,joven,*nátsa
Chicham,Proto-Shuar,,hacer cosas,*na(há-na-)
Chicham,Proto-Shuar,,"dolor, doler",*nahá-na-
Chicham,Proto-Shuar,,diente,*nái
Chicham,Proto-Shuar,,esperar,*náka-
Chicham,Proto-Shuar,,"tajar, rajar leña; hender",*naká-
Chicham,Proto-Shuar,,"imitar; retrato, foto",*naku-
Chicham,Proto-Shuar,,pescado,*namáka
Chicham,Proto-Shuar,,carne,*namángke
Chicham,Proto-Shuar,,lombriz,*námpicha
Chicham,Proto-Shuar,,bailar; borracho; festín,*nampé
Chicham,Proto-Shuar,,volar; ala,*naná-
Chicham,Proto-Shuar,,uña,*nanchíki
Chicham,Proto-Shuar,,luna,*nántu
Chicham,Proto-Shuar,,"causar, origen",*nangká-
Chicham,Proto-Shuar,,lanza,*nángki
Chicham,Proto-Shuar,,culebra,*nápi
Chicham,Proto-Shuar,,viento,*nase
Chicham,Proto-Shuar,,ayahuasca,*natéma
Chicham,Proto-Shuar,,máscara,*nawátaa
Chicham,Proto-Shuar,,pie,*náwe
Chicham,Proto-Shuar,,cielo,*nayáimpi
Chicham,Proto-Shuar,,"alto, grande",*(na)yau
Chicham,Proto-Shuar,,"él, ella",*nii
Chicham,Proto-Shuar,,lavar,*nihá-
Chicham,Proto-Shuar,,frente,*nihái
Chicham,Proto-Shuar,,ellos,*níta
Chicham,Proto-Shuar,,pecho,*netsépe
Chicham,Proto-Shuar,,saber; verdad,*neká-
Chicham,Proto-Shuar,,colgar,*ne-
Chicham,Proto-Shuar,,aquel,*nu
Chicham,Proto-Shuar,,crecer un río,*nuhá-
Chicham,Proto-Shuar,,nariz,*núhí
Chicham,Proto-Shuar,,huevo,*nuhíntu
Chicham,Proto-Shuar,,hoja,*núka
Chicham,Proto-Shuar,,mucho,*núkape
Chicham,Proto-Shuar,,madre,*núku
Chicham,Proto-Shuar,,sangre,*númpa
Chicham,Proto-Shuar,,tierra,*núngka
Chicham,Proto-Shuar,,hierba,*nupa
Chicham,Proto-Shuar,,maní,*núse
Chicham,Proto-Shuar,,mujer; esposa; casarse con mujer,*núwa
Chicham,Proto-Shuar,,arcilla,*núwe
Chicham,Proto-Shuar,,hueco,*waa
Chicham,Proto-Shuar,,perdiz,*waga
Chicham,Proto-Shuar,,bostezar,*waani-
Chicham,Proto-Shuar,,ponerse de pie,*wahá-
Chicham,Proto-Shuar,,cuñado de mujer,*wahé
Chicham,Proto-Shuar,,ver; encontrar,*wai-
Chicham,Proto-Shuar,,entrar,*wa(i)-
Chicham,Proto-Shuar,,sufrir,*wái-
Chicham,Proto-Shuar,,subir,*(wa)ká-
Chicham,Proto-Shuar,,andar,wakáe-
Chicham,Proto-Shuar,,pava,*wa(ktse)
Chicham,Proto-Shuar,,espíritu,*(wa)káni
Chicham,Proto-Shuar,,estómago,*wáke
Chicham,Proto-Shuar,,regresar,*waké-
Chicham,Proto-Shuar,,pronto,*wámake
Chicham,Proto-Shuar,,bolsa,*wámpachi
Chicham,Proto-Shuar,,flotar,*wampu-
Chicham,Proto-Shuar,,tobillo; muñeca,*wánuse
Chicham,Proto-Shuar,,rápido,*wángi
Chicham,Proto-Shuar,,qué; cosa,"*wangí, wangíi"
Chicham,Proto-Shuar,,sucio,*wapíku
Chicham,Proto-Shuar,,conejo,*wapungúsha
Chicham,Proto-Shuar,,maquisapa (mono),*wáshi
Chicham,Proto-Shuar,,garlito; estera,*washíma
Chicham,Proto-Shuar,,balsa,*wáwa
Chicham,Proto-Shuar,,brujear,*wawé-
Chicham,Proto-Shuar,,hormiga,*wáuma
Chicham,Proto-Shuar,,ir,*we-
Chicham,Proto-Shuar,,sal,*wée
Chicham,Proto-Shuar,,antepasados,*wéga
Chicham,Proto-Shuar,,hormiga comestible,*weeka
Chicham,Proto-Shuar,,"boca, labio",*wénu
Chicham,Proto-Shuar,,ardilla,*wíchingk(i)
Chicham,Proto-Shuar,,rana,*wingisáma
Chicham,Proto-Shuar,,hormiga,*wísuta
Chicham,Proto-Shuar,,"brujo, curandero",*wishinu
Chicham,Proto-Shuar,,quién,*ya
Chicham,Proto-Shuar,,hermano de hombre,*(ya)tsu
Chicham,Proto-Shuar,,ayudar,*yai-
Chicham,Proto-Shuar,,frotar,*yaká-
Chicham,Proto-Shuar,,hombro,*yakái
Chicham,Proto-Shuar,,arriba,*yakí
Chicham,Proto-Shuar,,coto mono,*yakúma
Chicham,Proto-Shuar,,ahora; nuevo; hoy,*yama
Chicham,Proto-Shuar,,achiote,*yámp(iya)
Chicham,Proto-Shuar,,guacamayo,*yampúnaa
Chicham,Proto-Shuar,,cargar al hombro,*yána-
Chicham,Proto-Shuar,,lagarto,*yantánaa
Chicham,Proto-Shuar,,pariente,*yánuma
Chicham,Proto-Shuar,,amarillo,*(y)angkúu
Chicham,Proto-Shuar,,cambiar,*yapa-hí-
Chicham,Proto-Shuar,,amargo,*yapáu
Chicham,Proto-Shuar,,cara,*yápi
Chicham,Proto-Shuar,,ayer; en el pasado,*yáu
Chicham,Proto-Shuar,,perro,*yawá
Chicham,Proto-Shuar,,castigar,*yawí-
Chicham,Proto-Shuar,,rata,*yáya
Chicham,Proto-Shuar,,comer,*yu-
Chicham,Proto-Shuar,,agua; llover,*yúmi
Chicham,Proto-Shuar,,nadar,*(yu)ku-
Chicham,Proto-Shuar,,ceniza,*yúku
Chicham,Proto-Shuar,,nube; neblina,*yungangkima
Chicham,Proto-Shuar,,fruto,*yungángke
Chicham,Proto-Shuar,,yema,*yunkemee
Chicham,Proto-Shuar,,fácil (negativo),*yúpi-chuch
Chicham,Proto-Shuar,,no; ser,*a-tsá
Chicham,Proto-Shuar,,escribir,*agá-
Chicham,Proto-Shuar,,afuera,*agá-
Chicham,Proto-Shuar,,tambo,*aáka
Chicham,Proto-Shuar,,agarrar,*achí-
Chicham,Proto-Shuar,,"chonta (palmera); miriti, moriche, aguaje",*áchu
Chicham,Proto-Shuar,,chacra,*áha
Chicham,Proto-Shuar,,tumbar,*ahá-
Chicham,Proto-Shuar,,nigua,*ahuhu
Chicham,Proto-Shuar,,casarse con hombre; esposo,*áishi-
Chicham,Proto-Shuar,,verde (fruto),*áeta
Chicham,Proto-Shuar,,bajarse,*aka
Chicham,Proto-Shuar,,gusano,*áka
Chicham,Proto-Shuar,,escopeta,*akangun
Chicham,Proto-Shuar,,hígado,*akápe
Chicham,Proto-Shuar,,pagar; caro,*akí-
Chicham,Proto-Shuar,,nacer,*akíi-
Chicham,Proto-Shuar,,"arete, adornar la oreja",*akii-tai
Chicham,Proto-Shuar,,mandar,*akupe-
Chicham,Proto-Shuar,,usted,*áme
Chicham,Proto-Shuar,,"tripas, intestinos",*ampusha
Chicham,Proto-Shuar,,búho; lechuza,*ampúsha
Chicham,Proto-Shuar,,acabar,*amú-
Chicham,Proto-Shuar,,tábano,*anchi
Chicham,Proto-Shuar,,acercarse,*aní-hi-
Chicham,Proto-Shuar,,oír,*ánta-
Chicham,Proto-Shuar,,dibujo,*anu-ká-
Chicham,Proto-Shuar,,lejos,*angá-
Chicham,Proto-Shuar,,"declive, plano inclinado, sima",*angáu
Chicham,Proto-Shuar,,libre,*angkántu
Chicham,Proto-Shuar,,tarde,*ángku
Chicham,Proto-Shuar,,después,*angúma
Chicham,Proto-Shuar,,viejo,*angútu
Chicham,Proto-Shuar,,coser,*apá-
Chicham,Proto-Shuar,,poner en el suelo,*apú-
Chicham,Proto-Shuar,,todo,*(a)shí
Chicham,Proto-Shuar,,otra vez,*atáke
Chicham,Proto-Shuar,,ustedes,*átumi
Chicham,Proto-Shuar,,aquel,*áu
Chicham,Proto-Shuar,,leer; conversar,*áuhu-
Chicham,Proto-Shuar,,pucacunga,*auntse
Chicham,Proto-Shuar,,golpear,*awá-
Chicham,Proto-Shuar,,ventilar,*awá-
Chicham,Proto-Shuar,,llevar,*(aya-)
Chicham,Proto-Shuar,,descansar,*ayá-ma-
Chicham,Proto-Shuar,,bien,*ayu
Chicham,Proto-Shuar,,alimentar,*(a)yú-
Chicham,Proto-Shuar,,nosotros,*ii
Chicham,Proto-Shuar,,olla,*(i)chí(naka)
Chicham,Proto-Shuar,,excremento,*íha
Chicham,Proto-Shuar,,cogollo de palmera; chonta (palmera),*íhu
Chicham,Proto-Shuar,,prestar,*iká-
Chicham,Proto-Shuar,,monte,*íkama
Chicham,Proto-Shuar,,"hinchar, vomitar",*(i)mu-
Chicham,Proto-Shuar,,cocinar,*ina-ngú-
Chicham,Proto-Shuar,,lengua,*inái
Chicham,Proto-Shuar,,adentro,*inita
Chicham,Proto-Shuar,,pelo,*intáshi
Chicham,Proto-Shuar,,visitar,*ingá-
Chicham,Proto-Shuar,,ayunar,*ihá-ngu
Chicham,Proto-Shuar,,encontrar uno a otro,*ingkú-
Chicham,Proto-Shuar,,"adición, contribuir, grupo",*ingu-
Chicham,Proto-Shuar,,amontonar,*ingú-
Chicham,Proto-Shuar,,tronar,*ipá-
Chicham,Proto-Shuar,,achiote,*ipáku
Chicham,Proto-Shuar,,callar,*itá-
Chicham,Proto-Shuar,,pampanilla de hombre,*itípi
Chicham,Proto-Shuar,,"manera, fácil",*itú-r-
Chicham,Proto-Shuar,,vivo,*iwákuu
Chicham,Proto-Shuar,,diablo,*íwanchi
Chicham,Proto-Shuar,,ver,*iyá
Chicham,Proto-Shuar,,caer,*iyá-
Chicham,Proto-Shuar,,ir delante,*ee-
Chicham,Proto-Shuar,,buscar,*ega
Chicham,Proto-Shuar,,afilar,*etsá-
Chicham,Proto-Shuar,,sol,*(e)tsa
Chicham,Proto-Shuar,,contar,*etse-
Chicham,Proto-Shuar,,todavía; último,*éke
Chicham,Proto-Shuar,,sentar,*(e)ké-
Chicham,Proto-Shuar,,encender la luz,*ekéi-
Chicham,Proto-Shuar,,"cama de mujer, mi esposa",*ekéntu
Chicham,Proto-Shuar,,quebrada; río,*éntsa
Chicham,Proto-Shuar,,cargar en la espalda,*entsá-
Chicham,Proto-Shuar,,cantar,*enge-sám-
Chicham,Proto-Shuar,,cargar,*enké-k-
Chicham,Proto-Shuar,,cerrar,*epe-
Chicham,Proto-Shuar,,quemar,*esá-
Chicham,Proto-Shuar,,cierto,*éta
Chicham,Proto-Shuar,,avispa,*éte
Chicham,Proto-Shuar,,niño,*úchi
Chicham,Proto-Shuar,,avisar,*uhá-
Chicham,Proto-Shuar,,tos,*uhúka
Chicham,Proto-Shuar,,extraer; abrir,*ukuwí-
Chicham,Proto-Shuar,,hueso,*ukúnchi
Chicham,Proto-Shuar,,"hermano, hermana",*umá
Chicham,Proto-Shuar,,acabar de hacer,*umí-
Chicham,Proto-Shuar,,soplar,*(um)pú-
Chicham,Proto-Shuar,,llamar,*untsú-
Chicham,Proto-Shuar,,derecho,*untsú
Chicham,Proto-Shuar,,"rebaño, grupo; muchos",*untsu-ngi
Chicham,Proto-Shuar,,mosca,*únchi
Chicham,Proto-Shuar,,puma,*untúchama
Chicham,Proto-Shuar,,ombligo,*úntuchi
Chicham,Proto-Shuar,,"pluma, pelo",*únge
Chicham,Proto-Shuar,,ronsoco,*ungkumiya
Chicham,Proto-Shuar,,saliva,*(u)sú(ki)
Chicham,Proto-Shuar,,carecer de carne,*ushu-
Chicham,Proto-Shuar,,esconder,*uú-
Chicham,Proto-Shuar,,cerbatana,*úume
Chicham,Proto-Shuar,,beber,*(u)wá-
Chicham,Proto-Shuar,,mano,*uwé(hi)
Chicham,Proto-Shuar,,punzar,*uyú-
Chicham,Proto-Shuar,,nutria,*uy(u)
Chicham,Proto-Shuar,,perezoso,*uyúshi