Family,Language,Glottocode,Gloss,Phonemicized Form 
Chibchan,Proto-Chibchan,,"arm, hand, shoulder","*ˈkuíkI, *ˈkuí-"
Chibchan,Proto-Chibchan,,ashes,"*bur-, *buˈrṹ"
Chibchan,Proto-Chibchan,,"at, in","*skA, *ki, *sə"
Chibchan,Proto-Chibchan,,"at, in, towards",*ka
Chibchan,Proto-Chibchan,,big (size or quantity),*təˈĩ
Chibchan,Proto-Chibchan,,bird,*dù
Chibchan,Proto-Chibchan,,blood,*ApÍ
Chibchan,Proto-Chibchan,,"boat, craft",*huˈLù
Chibchan,Proto-Chibchan,,body,*AˈpÀ
Chibchan,Proto-Chibchan,,bone,*ˈkàrə
Chibchan,Proto-Chibchan,,breasts,*kAʔ
Chibchan,Proto-Chibchan,,breast,"*ˈtsúʔ, *ˈtsúʔtsú"
Chibchan,Proto-Chibchan,,brother,*səˈkə
Chibchan,Proto-Chibchan,,brother-in-law,"*ˈuba, *ˈduáʔ"
Chibchan,Proto-Chibchan,,butterfly,"*kuA-, *kuAʔ-"
Chibchan,Proto-Chibchan,,cedar (several trees of the Cedrela genus),*uˈru
Chibchan,Proto-Chibchan,,ceiba,"*puLí, *puLíkI"
Chibchan,Proto-Chibchan,,"child, young of an animal, egg",*əˈrə̀
Chibchan,Proto-Chibchan,,"child, young of an animal",*ˈuÁʔ-
Chibchan,Proto-Chibchan,,cloth,*ˈsuá-
Chibchan,Proto-Chibchan,,cloud,"*ˈbõ̀, *bo-"
Chibchan,Proto-Chibchan,,cockroach,*ˈsóx-
Chibchan,Proto-Chibchan,,cocoa,*kə́ˈhùʔ
Chibchan,Proto-Chibchan,,come,"*ˈda-, *ˈdI-"
Chibchan,Proto-Chibchan,,cook,*ˈdu-
Chibchan,Proto-Chibchan,,cotton,*suˈhí
Chibchan,Proto-Chibchan,,"cough, catarrh",*ˈtóʔ
Chibchan,Proto-Chibchan,,crocodile,*ˈkú-
Chibchan,Proto-Chibchan,,cultivated field,*ˈtÌ
Chibchan,Proto-Chibchan,,curassow (Crax rubra),*ˈdubÍ
Chibchan,Proto-Chibchan,,deer,"*ˈsur, *ˈsurĩ̀"
Chibchan,Proto-Chibchan,,diminutive,*-ˈaːrə
Chibchan,Proto-Chibchan,,dog,*ˈto
Chibchan,Proto-Chibchan,,dove (common ground dove),*ˈÚtu-
Chibchan,Proto-Chibchan,,dry,*diˈsə-
Chibchan,Proto-Chibchan,,dry season,*ˈduá-
Chibchan,Proto-Chibchan,,"eagle, hawk",*ˈpṹ
Chibchan,Proto-Chibchan,,ear,"*ˈkuhkə́, *ˈkuhkuə́"
Chibchan,Proto-Chibchan,,"eat, drink",*ˈga-
Chibchan,Proto-Chibchan,,"egg, sprout, suckling",*ˈpú
Chibchan,Proto-Chibchan,,emerald toucanet,*dəˈkər̃ə́
Chibchan,Proto-Chibchan,,enter,*ˈdok-
Chibchan,Proto-Chibchan,,excrement,*ˈgã́
Chibchan,Proto-Chibchan,,eye,*úb
Chibchan,Proto-Chibchan,,face,*uˈbə́
Chibchan,Proto-Chibchan,,father,*ˈkáka
Chibchan,Proto-Chibchan,,feline,"*dəbə̃́, *kuLÁʔ"
Chibchan,Proto-Chibchan,,find,*ˈkũ
Chibchan,Proto-Chibchan,,"finger, hand",*ˈkU
Chibchan,Proto-Chibchan,,"firewood, fire, coal, live coal",*ˈgÌ
Chibchan,Proto-Chibchan,,first person prefix,*də̃-
Chibchan,Proto-Chibchan,,fish,"*ˈuA, *dibÃ̀"
Chibchan,Proto-Chibchan,,five,*sAkẽ́
Chibchan,Proto-Chibchan,,flesh,*gAtA
Chibchan,Proto-Chibchan,,fly,*ˈkulu
Chibchan,Proto-Chibchan,,foot,*sAˈkə̃
Chibchan,Proto-Chibchan,,four,*bəhˈke
Chibchan,Proto-Chibchan,,fruit,*ubə́
Chibchan,Proto-Chibchan,,give birth,*ˈgU-
Chibchan,Proto-Chibchan,,gnat (jején),*buˈr̃ṹʔ
Chibchan,Proto-Chibchan,,go,*ˈdA-
Chibchan,Proto-Chibchan,,grease,*ˈkiə́
Chibchan,Proto-Chibchan,,grind,*ˈuʔ
Chibchan,Proto-Chibchan,,"grindstone, to sharpen",*ˈiáʔ
Chibchan,Proto-Chibchan,,"grow, widen",*təˈlə-
Chibchan,Proto-Chibchan,,guan (bird),*ˈkũ̀
Chibchan,Proto-Chibchan,,hand,"*AtA, *guLÀ"
Chibchan,Proto-Chibchan,,"head, hair",*ˈtsã̀
Chibchan,Proto-Chibchan,,house,*ˈhu
Chibchan,Proto-Chibchan,,how many,*ˈbi
Chibchan,Proto-Chibchan,,hunger,*bAˈLi
Chibchan,Proto-Chibchan,,I,*ˈda
Chibchan,Proto-Chibchan,,"jocote (Spondias purpurea), jobo (Spondias mombin)",*bəˈrə́ʔ
Chibchan,Proto-Chibchan,,kill,*ˈguə
Chibchan,Proto-Chibchan,,"know, see",*sũ
Chibchan,Proto-Chibchan,,lake,*iAˈbÁ
Chibchan,Proto-Chibchan,,laugh,*ˈhaĩ
Chibchan,Proto-Chibchan,,laurel (Cordia alliodora),*ˈBúʔ
Chibchan,Proto-Chibchan,,leaf,*ˈkə́
Chibchan,Proto-Chibchan,,leg,*kəˈrə
Chibchan,Proto-Chibchan,,liquid,"*dí, *ˈli"
Chibchan,Proto-Chibchan,,lizard,*ulíʔ
Chibchan,Proto-Chibchan,,louse,*ˈkṹ
Chibchan,Proto-Chibchan,,maize,*ˈIBI
Chibchan,Proto-Chibchan,,make,*gU
Chibchan,Proto-Chibchan,,mayo (tree),*bèk
Chibchan,Proto-Chibchan,,monkey: howler monkey,*úriʔ
Chibchan,Proto-Chibchan,,monkey: spider monkey,"*dõ̀, *do-"
Chibchan,Proto-Chibchan,,monkey: white-faced monkey,*hòkI
Chibchan,Proto-Chibchan,,"moon, month",*siˈhíʔ
Chibchan,Proto-Chibchan,,mother-in-law,*ˈgAkA
Chibchan,Proto-Chibchan,,mouse,*ˈsuhkÌ
Chibchan,Proto-Chibchan,,mouth,*ˈkahkə
Chibchan,Proto-Chibchan,,mud,"*ˈdÚ, *oˈr̃i"
Chibchan,Proto-Chibchan,,name,*ˈhaká
Chibchan,Proto-Chibchan,,"nape, neck",*duˈkurə
Chibchan,Proto-Chibchan,,neck,*ˈgala
Chibchan,Proto-Chibchan,,net,*kAˈlÁʔ
Chibchan,Proto-Chibchan,,nose,*dəˈIkI
Chibchan,Proto-Chibchan,,now,*ˈBə
Chibchan,Proto-Chibchan,,old,"*AˈkÍkI, *tAˈlá"
Chibchan,Proto-Chibchan,,one,*ˈé
Chibchan,Proto-Chibchan,,otter,*doʔ
Chibchan,Proto-Chibchan,,paca (Agouti paca),*ˈkuri
Chibchan,Proto-Chibchan,,"peachpalm (Bactris gasipaes or Guilelma utilis)",*ˈsúbaʔ
Chibchan,Proto-Chibchan,,peccary (Tayassu pecari spiradens),*siˈdĩ́ʔ
Chibchan,Proto-Chibchan,,"peel, undress",*ˈsu-
Chibchan,Proto-Chibchan,,person,*ApÍ-
Chibchan,Proto-Chibchan,,"place, time, environment, land",*ˈká
Chibchan,Proto-Chibchan,,plant,*ˈdi
Chibchan,Proto-Chibchan,,"poró tree, elequeme tree (synonyms)",*baˈlò
Chibchan,Proto-Chibchan,,"pot, vessel, jar",*ˈũ
Chibchan,Proto-Chibchan,,"pumpkin, squash",*Apì
Chibchan,Proto-Chibchan,,"rattle, maraca, colander, gourd cup (= object elaborated from a gourd)",*ˈtã́
Chibchan,Proto-Chibchan,,reed,*kəˈru
Chibchan,Proto-Chibchan,,rotten,*ˈdṹ
Chibchan,Proto-Chibchan,,sand,"*ˈu, *ˈuBA"
Chibchan,Proto-Chibchan,,say,"*ˈguA-, *ˈgI"
Chibchan,Proto-Chibchan,,sea,*dAgÌ
Chibchan,Proto-Chibchan,,second person prefix,*bi-
Chibchan,Proto-Chibchan,,see,*ˈguəkI
Chibchan,Proto-Chibchan,,seek,*ˈdí
Chibchan,Proto-Chibchan,,"seed, plant",*ˈpkua
Chibchan,Proto-Chibchan,,"seize, hold",*kaLUh-
Chibchan,Proto-Chibchan,,seven,*ˈkúh-
Chibchan,Proto-Chibchan,,shark,*tAˈLì
Chibchan,Proto-Chibchan,,shrimp,*ˈkUs
Chibchan,Proto-Chibchan,,sing,*ˈtA
Chibchan,Proto-Chibchan,,six,*ˈted
Chibchan,Proto-Chibchan,,"skin, bark",*hukə́
Chibchan,Proto-Chibchan,,sleep,*kAp-
Chibchan,Proto-Chibchan,,small,*ˈ¢id
Chibchan,Proto-Chibchan,,"smell, odor",*hALÀ
Chibchan,Proto-Chibchan,,snake,*tAkAbÌ
Chibchan,Proto-Chibchan,,"soil, earth, dirt, clay",*ˈtÁBA
Chibchan,Proto-Chibchan,,son,*gAbÀ
Chibchan,Proto-Chibchan,,spider,*óhk
Chibchan,Proto-Chibchan,,squirrel,*kudã́
Chibchan,Proto-Chibchan,,star,*bÌ-
Chibchan,Proto-Chibchan,,"stick (a spear), insert, put in",*ˈtsã
Chibchan,Proto-Chibchan,,stone,*ˈhákI
Chibchan,Proto-Chibchan,,sun,"*dì, *ˈka, *dui"
Chibchan,Proto-Chibchan,,sweet,*bəˈlóʔ
Chibchan,Proto-Chibchan,,tail,*ˈduhkI
Chibchan,Proto-Chibchan,,tapir,*dAĩ́ʔ
Chibchan,Proto-Chibchan,,take,*ˈgúʔ
Chibchan,Proto-Chibchan,,tear,*ˈubə́diə
Chibchan,Proto-Chibchan,,that,"*ˈhéʔ, *ˈse, *ˈkue, *ˈdiÀ"
Chibchan,Proto-Chibchan,,third person,"*i-, *A"
Chibchan,Proto-Chibchan,,this,"*ˈdi-, *ˈhíʔ"
Chibchan,Proto-Chibchan,,three,*ˈbai
Chibchan,Proto-Chibchan,,tobacco,"*ˈdu, *ˈduə̀"
Chibchan,Proto-Chibchan,,tongue,"*pkúʔ, *ˈpkuə́"
Chibchan,Proto-Chibchan,,tooth,"*ˈtu, *aˈkə"
Chibchan,Proto-Chibchan,,toucan sp.,*Biˈli
Chibchan,Proto-Chibchan,,"tray (made of wood used to wash)",*kuˈLIʔ
Chibchan,Proto-Chibchan,,transitive verb marker,*Bə-
Chibchan,Proto-Chibchan,,tree,"*ˈkàr, *kaˈri"
Chibchan,Proto-Chibchan,,"tree, trunk of a tree, wood",*ˈkarə́
Chibchan,Proto-Chibchan,,tuber,*ˈtuʔ
Chibchan,Proto-Chibchan,,turtle,"*kuÌ, *uˈli"
Chibchan,Proto-Chibchan,,two,*ˈbU
Chibchan,Proto-Chibchan,,uncle,*kəˈru
Chibchan,Proto-Chibchan,,vulva,*ˈkÍ
Chibchan,Proto-Chibchan,,water,*ˈdíʔ
Chibchan,Proto-Chibchan,,we (inclusive),*ˈsẽ́ʔ
Chibchan,Proto-Chibchan,,weep,*ˈbo
Chibchan,Proto-Chibchan,,what,*ˈhi
Chibchan,Proto-Chibchan,,where,*biə
Chibchan,Proto-Chibchan,,white,*buLu
Chibchan,Proto-Chibchan,,wind,*ˈBur-
Chibchan,Proto-Chibchan,,with,"*uA, *tÁ"
Chibchan,Proto-Chibchan,,woodpecker,*soˈr̃o
Chibchan,Proto-Chibchan,,"woods, firewood",*ˈbUʔ
Chibchan,Proto-Chibchan,,work,*hiBA
Chibchan,Proto-Chibchan,,worm,*ˈgĩ́
Chibchan,Proto-Chibchan,,you (sg.),*ˈbáʔ
Chibchan,Proto-Chibchan,,yucca,*ˈik