index,FORM,Gloss
1,*ačka,"‘many, much’"
2,*ački ~ *akči ~ *ačik,‘light’
8,*atʂpi- ~ *ašpi ~ *aspi-,"‘to dig, scratch’"
12,*akʎa- ~ *akra-,‘to choose’
13,*akʎu-,"‘to stammer, stutter’"
14,*aku-,‘to chew’
19,*aʎa-,"‘to dig up, harvest potatoes’"
21,*aʎi,‘good’
22,*aʎpa,"‘earth, land, soil’"
23,*aʎqu,‘dog’
25,*ama,‘not’ (prohibitive negator)
27,*ami-,"‘to get fed up, sick of’"
30,*amu-,‘to hold in mouth or between teeth’
31,*ana,"‘birthmark, mole’"
33,*anaku,‘woman’s garment’
34,*anaq,‘hard’
35,*anča,"‘very, a lot’"
37,*anka,‘bird species’
38,*anku,"‘tendon, nerve’"
41,*anta,"‘copper, copper-colored’"
42,*aña-,‘to bark’
43,*añas,‘mammal species’
44,*apa-,"‘to carry, bring’"
46,*api,‘a gelatinous porridge’
47,*apta-,"‘to grasp, grab, carry in the hand, fist’"
50,*aqtu-,"‘to vomit, spit up, drool’"
52,*arí,‘yes’
54,*arma-,‘to bathe’
58,*arwi-,"‘to tangle up, twist fibers’"
60,*asi-,‘to laugh’
62,*aswa,‘chicha (fermented corn beverage)’
63,*ašna-,‘to stink’
64,*ašta-,‘to transport’
66,*ati(pa)-,"‘to defeat, endure, be able’"
67,*atuq,‘fox’
68,*awa-,‘to weave’
70,*awki,"‘old man, grandfather, man of respect, spirit’"
71,*awʎi-,‘to weave’
72,*awqa,"‘enemy, demon, devil’"
73,*aya,"‘corpse, cadaver’"
75,*ayča,"‘meat, flesh’"
77,*ayʎu,‘unit of social organization’
78,*aypa-,"‘to reach, be enough’"
79,*ayqi-,‘to flee’
80,*aysa-,"‘to pull, drag, haul with rope’"
81,*aywi-,"‘to stir, beat’"
83,*čaka,"‘bridge, form of cross’"
84,*čaki,"‘dry, to dry’"
85,*čakma-,‘to plow earth for planting’
87,*čaʎwa,‘fish’
89,*čampa,"‘turf, sod, clod’"
90,*čamqa-,"‘to smash, crush, grind, throw rock’"
92,*čapra,‘tree branch’
93,*čapu-,"‘to mix (liquids), infuse, blend’"
94,*čaqču-,"‘to spray, sprinkle’"
95,*čaqʎa-,"‘to frame a roof, fasten together pieces of wood’"
96,*čarki,‘dried meat’
97,*čawča,‘early-ripening or damaged potato; potato variety’
98,*čay,‘that’
99,*čiču- ~ *čiči- ~ *čuču-,"‘breast, nipple, to breast feed’"
101,*čiki,‘bad omen’
107,*čimpa,"‘opposite side’"
108,*činka-,"‘to get lost, disappear’"
113,*čipa,‘straw bundle or basket’
116,*čiqta-,"‘to split, crack, shred’"
119,*čučuqa,‘corn-based dish’
120,*čukču-,"‘to tremble, shake’"
121,*čukʎa,‘hut’
122,*čuʎa,"‘odd, uneven, incomplete (of a pair)’"
123,*čuʎpi,‘corn variety’
124,*čuʎu-,"‘to melt, thaw’"
125,*čuma-,"‘to drain out, drip out’"
128,*čunčuʎi,"‘guts, intestines’"
129,*čuñu,‘chuño (dehydrated potatoes)’
132,*čupu,"‘boil, tumor’"
133,*čuqʎu,‘ear of corn’
135,*čuri,‘child (of father)’
136,*čuspi,"‘mosquito, fly’"
138,*čuta-,"‘to pull, stretch’"
140,*čuya-,"‘clear, to become clear (liquids)’"
143,*tʂaki,‘foot’
145,*tʂakra,‘agricultural plot’
148,*tʂani,‘value’
149,*tʂanka,‘leg’
156,*tʂaqna-,‘to hobble an animal’
157,*tʂaski-,"‘to receive, accept’"
158,*tʂawa,‘raw’
159,*tʂawpi,"‘center, middle’"
160,*tʂaya-,‘to arrive’
161,*tʂitʂu,‘pregnant’
163,*tʂina,‘female’
167,*tʂiqni-,"‘to hate, abhor’"
168,*tʂirapa,"‘mist, drizzle, sun shower, rainbow’"
174,*tʂunka,‘ten’
175,*tʂupa,‘tail’
177,*tʂura-,"‘to put, place’"
183,*haku,‘Let’s go!’
191,*hampi-,"‘medicine, remedy, to cure’"
192,*hana,"‘up, above, over’"
202,*harawi- ~ *yarawi-,"‘a type of song or poem, to perform song or poem’"
204,*harka-,"‘to impede, block, detain, obstruct’"
206,*hatun,‘large’
208,*haya-,"‘spicy, to be spicy’"
212,*(h)ayka,"‘how much, how many’"
215,*hayta- ~ *sayta-,‘to kick’
217,*hitʂa-,"‘to spill, empty out a vessel, scatter’"
226,*hirpu-,"‘to pour liquid or grains into a container, to stuff into’"
231,*huča,"‘debt, obligation, blame, transgression, crime’"
233,*huk ~ *suk,‘one’
237,*hunta-,"‘full, to fill’"
241,*(h)uqu-,"‘wet, to wetten’"
244,*iča,"‘maybe, perhaps’"
247,*iʎa-,"‘to lack, be absent’"
249,*iʎawa,"‘shuttle, warp’"
250,*ima,‘what’
254,*inti,‘sun’
262,*isku ~ *išku,‘lime’
263,*isma-,‘to defecate’
264,*ismu-,"‘to rot, decompose’"
265,*isqun,‘nine’
269,*iškay,‘two’
270,*išku-,‘to shell (grain)’
271,*išpa-,‘to urinate’
275,*ka-,‘to be’
276,*katʂa-,"‘to send, release’"
277,*katʂi,‘salt’
278,*katʂka-,"‘to gnaw, chew’"
280,*kaʎana,‘pan for toasting grain’
281,*kaʎpa-,"‘strength, force, to run’"
282,*kaʎwa,‘a weaving instrument’
283,*kama-,"‘to create, order’"
284,*kamča-,"‘toasted corn, to toast’"
286,*kantʂa,‘corral’
287,*kani-,‘to bite’
288,*kanka-,"‘roasted, to roast, grill’"
293,*karka,"‘dirty, dirt, manure’"
295,*karu,"‘far away, long time’"
296,*kaspa,‘ear of corn’
297,*kašpi,"‘stick, wood’"
301,*kawpu-,"‘to twist fibers, braid, spin thread’"
302,*kawsa-,‘to live (exist)’
303,*kay,‘this’
306,*kitʂa-,‘to open’
307,*kitʂki,"‘narrow, tight’"
308,*kiki,"‘same, self’"
310,*kiʎa,"‘moon, month’"
313,*kimsa,‘three’
315,*kinray,"‘transverse, horizontal direction, along a hillside’"
317,*kinwa,‘quinoa’
319,*kipu-,"‘knot, to tie’"
321,*kiru,‘tooth’
322,*kita,"‘wild, untamed (animals or plants)’"
324,*kuču,‘corner’
325,*kuču-,‘to cut’
330,*kuʎu,"‘tree trunk, wood’"
331,*kumu-,"‘to squat, bend down’"
332,*kuna-,"‘to advise, recommend, communicate a message’"
333,*kunan ~ *kanan,‘now’
334,*kunka,"‘neck, voice’"
335,*kuntur,‘condor’
336,*kunya-,"‘to crackle (fire), echo’"
338,*kurku,"‘hunchback, hunch’"
339,*kurpa,"‘clod, clump of earth’"
340,*kuru,‘worm’
341,*kurur,"‘ball of yarn, clew’"
343,*kuši-,"‘happy, to be happy’"
344,*kušma,"‘garment, tunic (e.g. worn by Amazonians)’"
346,*kuta-,‘to grind’
347,*kuti-,‘to return’
348,*kuti,"‘time, occasion’"
349,*kutu-,"‘shortened, cropped, to cut, chop (e.g. with ax or saw), amputate’"
351,*kuya-,‘to love’
353,*kuyu-,‘to move’
374,*ʎaki-,"‘sadness, to be sad’"
375,*ʎama,‘llama’
377,*ʎamka-,"‘to touch, handle, feel’"
378,*ʎampu,"‘soft, smooth’"
380,*ʎanqi,‘type of sandal’
381,*ʎantu-,"‘shade, shadow, to cast a shadow’"
382,*ʎañu ~ *ñañu,‘thin (cylindrical objects)’
383,*ʎapča- ~ *ʎapša-,"‘thin, flat, to touch, squeeze, crush’"
384,*ʎapi-,"‘to squeeze, crush, smoosh’"
385,*ʎaqʎa-,‘to carve wood’
386,*ʎaqwa-,‘to lick’
387,*ʎasa ~ *ʎaša,‘heavy’
388,*ʎika,"‘net, spider web’"
389,*ʎikʎa,‘type of shawl’
390,*ʎiʎi-,"‘burn, sore, to scald’"
391,*ʎipta,‘ash used for chewing coca’
393,*ʎučka-,"‘slippery, to slip, slide’"
394,*ʎuču-,"‘to take off, strip, skin, slip off, remove’"
396,*ʎuʎa-,"‘lie, to lie, deceive’"
397,*ʎuʎu,"‘unripe, newborn, tender’"
399,*ʎuqʎa,"‘flood, avalanche, mudslide’"
400,*ʎušpi-,"‘to slip, to leak out, to lick a plate or pot clean’"
401,*ʎušti-,"‘to peel, strip, denude’"
402,*ʎuta-,‘to smear with mud’
405,*matʂa-,‘to be drunk’
406,*matʂay,‘cave’
407,*matʂka,‘toasted grain flour’
408,*maki,"‘hand, forearm’"
409,*maʎa-,‘to fast’
410,*maʎi-,"‘to taste, try’"
411,*maʎki-,"‘seedling, tree, to plant, transplant’"
412,*mana,"‘no, not’"
413,*manča-,"‘to scare, be afraid’"
414,*manka,‘pot’
417,*manta-,‘to spread out fabric’
418,*manya,"‘side, edge, border, margin’"
419,*maña-,"‘to ask for, request’"
420,*maqa-,"‘to hit, punch, beat’"
422,*maray,‘grinding stone’
423,*marka,"‘town, village, region’"
424,*marku,‘plant species’
425,*marqa-,‘to carry in the arms’
426,*masa-,‘to spread out in the sun’
427,*maša,"‘brother-in-law, son-in-law’"
428,*masi,"‘fellow, companion’"
429,*mati,"‘gourd, vessel made from gourd’"
430,*mawka-,"‘used up, worn out, to wear out’"
431,*may,‘where’
436,*mayu,‘river’
437,*miči-,‘to pasture’
438,*mitʂa,‘stingy’
439,*miku-,‘to eat’
440,*miʎa-,"‘to be disgusted, nauseous’"
442,*miʎpu-,‘to swallow’
443,*miʎwa,‘wool’
444,*mini-,"‘weft, to weave’"
445,*minka-,"‘type of labor recruitment, to contract labor’"
446,*miqʎa- ~ *miʎqa-,"‘skirt, lap, apron, to hold in skirt, lap, apron’"
447,*mira-,"‘to reproduce, multiply’"
448,*mirkapa,"‘snack, provisions’"
449,*miški,‘sweet’
450,*mitka-,"‘to trip, fall down, tumble’"
451,*muča-,‘to kiss’
452,*mutʂka,‘mortar’
456,*muʎi,‘tree species’
457,*muna-,"‘to want, desire, love’"
459,*muqu,"‘knob, joint, bump’"
460,*muru,"‘spotted, stained, multicolored’"
461,*muru,"‘seed, pit’"
463,*muruču,‘corn variety’
464,*muspa-,"‘to daydream, be delirious, rave’"
465,*musya-,"‘to divine, sense, realize, perceive’"
467,*mušuq,‘new’
468,*muti,‘boiled corn kernels’
469,*mutki- ~ *muski-,"‘to smell, perceive odor’"
470,*muyu-,"‘to turn around, spin, rotate, circle’"
473,*nana-,"‘to hurt, ache’"
477,*ni-,"‘to say, tell’"
479,*nina,‘fire’
480,*niti- ~ *ñiti-,"‘to smash, crush’"
481,*ñaka-,"‘with difficulty, to suffer, experience difficulty’"
482,*ñaqča-,"‘comb, to comb’"
483,*ñati(n),"‘liver, internal organ’"
484,*ñawi,‘eye’
488,*ñuñu-,"‘breast, udder, to nurse’"
489,*ñuqa,‘I’
490,*ñuqančik,‘we (inclusive)’
491,*pača,"‘world, time, era, circumstance’"
493,*patʂak,‘hundred’
495,*paka-,‘to hide’
496,*paki-,"‘to break, smash’"
498,*paʎa-,"‘to harvest, pick’"
499,*paʎqa-,"‘forked, pitchfork, to bifurcate, split’"
500,*pampa-,"‘flat place, plain, open land; to bury, cover with earth, flatten earth’"
501,*pani,‘sister of man’
502,*panqa,‘corn husk’
503,*panta-,"‘to err, confuse, be wrong’"
504,*papa,‘potato’
506,*paqča,"‘waterfall, stream of water’"
507,*paqtʂa,‘forehead’
515,*paska-,"‘to untie, unstitch, loosen’"
516,*pašña,"‘girl, young woman’"
517,*pata,"‘terrace, platform, flat place’"
519,*pay,"‘he, she’"
522,*pi,‘who’
523,*piča-,"‘to sweep, clean’"
524,*pičqa,‘five’
526,*piki,"‘flea, chigger’"
527,*piʎpintu,"‘butterfly, moth’"
528,*piʎu-,"‘crown, adornment, to braid, tangle’"
529,*pinkuʎu,‘flute type’
530,*pinqa-,"‘shame, to be ashamed’"
531,*piña-,"‘angry, to anger’"
532,*pirqa,‘wall’
534,*piruru,‘whorl (part of spinning wheel)’
535,*piši-,"‘little, to diminish, be little, tire out’"
536,*pišqu,"‘bird, bird species’"
540,*pučka-,"‘spindle, to spin thread’"
541,*pučqu-,"‘fermented, sour, to ferment, become sour’"
542,*puču-,"‘leftover, to be left over, exceed’"
544,*puka,"‘red, colored’"
545,*pukʎa-,‘to play’
546,*pukru,"‘hole, hollow, concave’"
547,*pukuču,‘bladder’
548,*pukyu,"‘spring, well’"
549,*puʎu,"‘shawl, blanket’"
551,*puma,‘puma’
552,*puna,‘high grasslands’
553,*punki-,"‘swollen, to swell’"
554,*punku,"‘door, entrance’"
555,*puñu-,‘to sleep’
556,*pupu,‘navel’
558,*puqu-,"‘to ripen, mature’"
559,*puri-,"‘to travel, walk, roam’"
561,*puru,"‘gourd, vessel made from gourd’"
563,*pusaq,‘eight’
565,*puša-,"‘to accompany, guide, bring along, escort’"
567,*puyñu,"‘pitcher, jug’"
570,*qatʂpa- ~ *qašpa-,"‘to singe, scrape surface’"
572,*qaʎa(ri)-,‘to begin’
573,*qaʎu,‘tongue’
574,*qam,‘you’
576,*qantʂis,‘seven’
580,*qapa(ri)-,"‘to shout, yell’"
581,*qapi-,"‘to squeeze out, wring, milk’"
583,*qaqa,"‘rock, cliff, crag’"
584,*qaqu-,"‘to rub, scrub’"
585,*qara-,‘to serve food’
586,*qara- ~ *qaʎa-,"‘naked, bare, to peel, strip’"
588,*qarqu-,"‘to expel, throw out (person), drive out’"
589,*qarwa-,"‘yellow, orange, to turn yellow, to ripen (e.g. wheat), to wither’"
590,*qasa-,"‘ice, frost, to freeze, be freezing’"
592,*qasqu,‘chest’
593,*qata-,"‘roof, cover, to cover or shelter’"
594,*qati-,"‘to herd, drive (animals), follow’"
596,*qawa-,‘to look’
600,*qaya-,"‘to yell, call out, call together’"
602,*qayna ~ *qanyan,"‘yesterday, previous, past’"
603,*qitʂa,‘diarrhea’
604,*qitʂu-,"‘to take away, remove’"
605,*qiʎa,‘lazy’
607,*qiʎqa-,"‘to write, draw’"
608,*qimi-,"‘to support, prop up, hold up’"
609,*qintʂa,"‘corral, fenced enclosure’"
611,*qinti-,"‘to shrink, contract’"
613,*qipa,"‘behind (space), after (time)’"
614,*qipi-,"‘bundle carried on back, to carry on back’"
617,*qiru,"‘wood, trunk, wooden cup’"
618,*qisa,‘nest’
620,*qišpi-,"‘to be safe, be saved, escape, be born’"
621,*qišpi,"‘crystal, glass’"
622,*qiwa,"‘fodder, pasture grass’"
623,*qiwi-,"‘to twist apart, sprain’"
624,*qu-,‘to give’
625,*qutʂa,‘lake’
626,*qutʂpa-,"‘to roll around, to roll’"
627,*quʎi-,‘to cover embers to maintain fire’
629,*quʎu-,"‘to die off, extinguish, run out’"
632,*qunču,"‘sediment, grounds’"
634,*qunqa-,‘to forget’
635,*qunqur,‘knee’
636,*quñu- ~ *quñi-,"‘hot, to heat’"
639,*quri,‘gold’
641,*quru,"‘blunted, cropped’"
643,*quruta,‘testicle’
644,*qusa,‘husband’
645,*qutu-,"‘mound, group, bunch, tumor, to gather, pile up’"
646,*quyʎur,‘a particular star’
648,*raka,‘vagina’
649,*raki-,"‘to separate, sort, select, hand out’"
650,*rakta,‘thick’
651,*ranti-,"‘to exchange, substitute, replace’"
652,*rapra,"‘wing, leaf’"
653,*raqra-,"‘crack, ditch, trench, to crack, split’"
654,*rata-,"‘to land, fall, stick in a place’"
655,*rawra-,‘to burn (intrans.)’
656,*ri-,‘to go’
657,*rika- ~ *riku-,‘to see’
658,*riktʂa-,‘to wake up’
659,*rikra,"‘upper arm, wing’"
660,*rima-,‘to speak’
661,*rinri,‘ear’
662,*riqsi-,"‘to know, be acquainted with’"
663,*rumi,‘stone’
664,*runa,"‘person, human’"
665,*runku,"‘bag, sack’"
666,*runtu,"‘egg, hailstone’"
667,*rupa-,"‘hot, heat, to burn, shine, be hot’"
668,*rura-,"‘to do, make, work’"
669,*ruru,"‘round thing, pit, egg, testicle, kidney’"
670,*rutu-,"‘to shear, cut hair’"
671,*(r)uyru,‘round’
673,*satʂa,"‘bush, tree, forest’"
675,*saksa-,"‘to swell, be full of food’"
676,*saʎqa,"‘high grasslands, person from the high grasslands, uncultured person’ (n.b. offensive)"
677,*sama-,"‘to breathe, rest’"
679,*sapa,"‘alone, each’"
680,*sapi,‘root’
681,*saqi-,"‘to leave behind, abandon’"
682,*saqma-,"‘to hit, punch’"
683,*sara,‘corn’
684,*saru-,‘to step on’
685,*sasa,‘difficult’
686,*sati-,‘to insert’
687,*sawna,"‘pillow, head support’"
692,*siki,"‘butt, base’"
694,*sintʂi-,"‘strong, brave, to gain strength’"
695,*sinqa,‘nose’
696,*sipi-,"‘to snap neck, yank, slaughter’"
697,*sipu- ~ *šipu-,"‘wrinkle, to wrinkle, furrow, pleat’"
698,*siqa-,"‘to climb, rise, ascend’"
699,*sira-,‘to sew’
701,*sisa-,"‘flower, to blossom’"
702,*sutʂka-,"‘to slide, slip’"
703,*sutʂu-,"‘to slide, slip’"
705,*supay,"‘evil spirit, demon’"
706,*supi-,"‘fart, to fart’"
707,*suqta,‘six’
709,*surqu-,"‘to remove, take out, extract’"
710,*susu(nka)-,‘to become numb’
711,*suwa-,"‘thief, to steal’"
712,*šamu-,‘to come’
715,*šawa-,"‘to tie together, get married’"
716,*šaya-,"‘to stand, stop, be upright’"
717,*šikwa-,‘to broadcast seeds’
718,*šiʎu,"‘nail, claw’"
719,*šimi,"‘mouth, language’"
720,*šimpa-,"‘braid, to braid’"
721,*šinka-,"‘drunk, tipsy, to get drunk’"
722,*šipaš ~ *šipas ~ *sipaš,‘girl’
725,*šiqši-,"‘itch, to itch’"
726,*šuka-,‘to whistle’
727,*šuʎa-,"‘dew, to form dew’"
728,*šuʎka,"‘younger, younger brother’"
729,*šuʎu-,"‘fetus, to abort, miscarry’"
730,*šumaq,"‘beautiful, good’"
731,*šunqu,‘heart’
732,*šuqu-,"‘to suck, slurp’"
734,*šuti ~ *suti,‘name’
735,*šutu-,"‘drop, to drip’"
736,*šuya-,‘to wait’
737,*šuyšu-,"‘to strain, sift, filter’"
738,*taka-,"‘to punch, knock, hit with hard object’"
739,*taki-,"‘song, to sing, to dance’"
740,*takʎa,‘plow’
741,*takša,"‘small, short’"
742,*taʎi-,"‘to pour, pour out’"
743,*tampa,"‘tangled, disheveled, unkempt’"
744,*tanqa-,‘to push’
745,*tanta,‘bread’
747,*tapši-,"‘to shake up, shake out’"
748,*tapu-,‘to ask’
749,*tapya-,"‘omen, to prophesy’"
751,*taqʎa-,"‘slap, to slap, applaud’"
752,*taqša-,‘to launder’
753,*tari-,"‘to find, get, meet’"
754,*tarpu-,‘to sow seeds’
755,*taruka,‘deer species’
756,*tawna,‘walking cane’
757,*tawri ~ *tarwi,‘lupine’
760,*tikra-,‘to overturn’
761,*tikti,‘wart’
762,*timpu-,"‘boiled, to boil (intrans.)’"
764,*tinki-,"‘to join (trans.), unite, bring together’"
765,*tinya,‘small drum’
766,*tipi-,"‘to pick apart, cut up’"
767,*tipši-,‘to pinch’
770,*tiya- ~ *taya-,‘to sit’
773,*tukši-,"‘to stab, prick, puncture’"
774,*tuku-,"‘to finish, become, pretend’"
775,*tukuy,‘all’
776,*tuʎpa,"‘fireplace, hearth, stove’"
778,*tuʎu,‘bone’
779,*tumpa-,"‘to testify, accuse, blame, slander’"
783,*tunquri,‘throat’
784,*tupu-,"‘measurement, to measure (size quantity or distance)’"
785,*tuqa-,"‘spit, saliva, to spit, cough up’"
786,*turi,‘brother of woman’
790,*tušu-,‘to dance’
791,*tuta,"‘night, darkness’"
792,*uču,‘chili pepper’
793,*učuy ~ *učuk,‘small’
795,*utʂku-,"‘hole, to dig, make a hole’"
796,*utʂpa,‘ashes’
800,*uʎuku,‘olluco (tuber species)’
801,*uma,‘head’
803,*una-,"‘to delay, be a long time’"
804,*uña,"‘calf, lamb, juvenile domesticated animal’"
805,*upa,"‘mute, quiet, deaf, stupid’"
806,*upya-,‘to drink’
807,*uqa,‘oca (kind of tuber)’
808,*uqi,"‘grey, brown’"
809,*uqʎa-,"‘to embrace, incubate, warm with body heat’"
811,*ura,"‘below, down’"
815,*urqu,‘mountain’
816,*urqu ~ *uʎqu,‘male’
818,*usa-,"‘louse, to remove lice’"
820,*usya-,‘to clear up (weather)’
823,*utku,‘cotton’
824,*uya(ri)-,"‘to hear, listen’"
826,*uywa-,"‘domestic animal, to raise an animal’"
827,*watʂa-,"‘to give birth, lay eggs’"
828,*watʂi-,"‘pole, lance, stick, to poke, sting, stab’"
829,*waka-,"‘crack, cleft, special object or place, sacred, dangerous, to change state, turn wild’"
831,*wakča,"‘poor, orphan’"
832,*wakin,"‘some, other’"
834,*waʎpa,‘bird species’
835,*waʎqa-,"‘necklace, pendant, to hang around the neck’"
836,*wampu-,"‘raft, to float, navigate boat, swim’"
837,*wamra,‘child’
838,*wana-,"‘repentance, fear, to repent, reform, amend, fear’"
840,*wanku-,"‘to wrap, bundle, bandage’"
841,*wantu-,‘to carry among two or more people’
842,*wanu,‘guano’
843,*wañu-,"‘to die, wilt, lose consciousness, pass away’"
844,*waqa-,"‘to cry, wail’"
846,*waqʎi-,"‘to slip off, go astray, become corrupted’"
847,*waqra-,"‘horn, to gore’"
848,*waqta,"‘flank, side, ribs’"
849,*waraka,"‘sling, slingshot’"
850,*waranqa,‘thousand’
851,*warku-,"‘to hang up, to be hung up’"
852,*warmi,"‘woman, wife’"
853,*wasi,‘house’
854,*waska,‘rope’
855,*waša,‘back (body part)’
857,*wata,‘year’
858,*wata-,"‘to tie, repair’"
860,*watu-,"‘to divine, visit, miss a person’"
861,*watu,"‘cord, strap’"
862,*wawa,"‘child (of mother), baby’"
863,*wawqi,‘brother of man’
864,*wayka-,"‘to collaborate, gang up on’"
865,*wayʎa,"‘meadow, prairie, grass’"
866,*wayʎu-,"‘to love, express affection, caress’"
867,*wayna,"‘young man, lover’"
869,*wayta,‘flower’
870,*wayunka,‘ear of corn hung up to dry’
871,*waywa ~ *wayra,‘wind’
874,*witʂqa-,"‘to close, enclose’"
877,*wika(pa)-,‘to throw into the air’
878,*wiksa,"‘belly, abdomen’"
879,*wiksu,"‘twisted, cross-eyed, bowlegged’ "
880,*wiʎa-,"‘to tell, inform’"
881,*wiʎka,"‘grandchild, idol’"
883,*wiña-,"‘to grow, sprout, develop, increase’"
884,*wiqi,"‘tear, teardrop’"
885,*wiqru,"‘lame, with an injured foot, bowlegged, twisted’"
886,*wira,"‘fat, grease’"
887,*wiraquča,‘Andean deity’
888,*wirpa,‘lip’
889,*wiru,"‘cane, reed’"
891,*wiši-,"‘to pour, collect, transfer liquid or grains’"
892,*wišʎa,‘ladle’
893,*wištu-,"‘twisted, crippled, to hobble, limp’"
895,*yatʂa-,"‘to know (facts or how to), learn, reside’"
896,*yaku,‘water’
897,*yamta,‘firewood’
898,*yana,‘black’
899,*yana(pa)-,"‘to help, accompany’"
900,*yanqa,"‘in vain, for no reason’"
901,*yanu-,"‘to cook, stew’"
902,*yapa-,"‘a bit more, to add a bit more, repeat’"
905,*yawar,‘blood’
906,*yaya,‘father’
907,*yayku-,‘to enter’
908,*yunka,‘lowlands east or west of the Andes’
909,*yupa-,‘to count’
910,*yupi,‘footstep’
914,*yura,‘plant’
915,*yuraq,‘white’
916,*yutu,‘partridge’
917,*yuyu,"‘tender, bud, shoot, green vegetable’"
