ID_forms	Local_ID	Language_ID	Parameter_ID	Value	Form	Segments	Comment	Source	Cognacy	Loan	Graphemes	Profile	ID_languages	Name	Glottocode	Glottolog_Name	ISO639P3code	Macroarea	Latitude	Longitude	Family	ID	Name_parameters	Concepticon_ID	Concepticon_Gloss	ID_cognates	Form_ID	Form_cognates	Cognateset_ID	Doubt	Cognate_Detection_Method	Source_cognates	Alignment	Alignment_Method	Alignment_Source
Prototucanoan-41-feminine-1		Prototucanoan	41-feminine	*-kʔo	kʔ.o	kˀ o		Chacon2014			^ kʔ . o $	default	Prototucanoan	Proto-Tucanoan	tuca1253	Tucanoan					Tucanoan	41-feminine	feminine		FEMALE	Prototucanoan-41-feminine-1-1	Prototucanoan-41-feminine-1	kʔ.o	41-feminine-1	False	expert	Chacon2014	kˀ o	expert	Chacon2014
Prototucanoan-88-non3rdanimateperson-1		Prototucanoan	88-non3rdanimateperson	*-pʔɨ	pʔ.ɨ	pˀ ɨ		Chacon2014			^ pʔ . ɨ $	default	Prototucanoan	Proto-Tucanoan	tuca1253	Tucanoan					Tucanoan	88-non3rdanimateperson	non.3rd.animate.person	2642.0	HE OR SHE	Prototucanoan-88-non3rdanimateperson-1-1	Prototucanoan-88-non3rdanimateperson-1	pʔ.ɨ	88-non3rdanimateperson-2	False	expert	Chacon2014	pˀ ɨ	expert	Chacon2014
Prototucanoan-1-3rdpersonmasculine-1		Prototucanoan	1-3rdpersonmasculine	*-pi	p.i	p i		Chacon2014			^ p . i $	default	Prototucanoan	Proto-Tucanoan	tuca1253	Tucanoan					Tucanoan	1-3rdpersonmasculine	3rd.person.masculine	1211.0	HE	Prototucanoan-1-3rdpersonmasculine-1-1	Prototucanoan-1-3rdpersonmasculine-1	p.i	1-3rdpersonmasculine-3	False	expert	Chacon2014	p i	expert	Chacon2014
Prototucanoan-19-casenonnominatvie-1		Prototucanoan	19-casenonnominatvie	*-tʔe	tʔ.e	tˀ e		Chacon2014			^ tʔ . e $	default	Prototucanoan	Proto-Tucanoan	tuca1253	Tucanoan					Tucanoan	19-casenonnominatvie	Case: non-nominatvie			Prototucanoan-19-casenonnominatvie-1-1	Prototucanoan-19-casenonnominatvie-1	tʔ.e	19-casenonnominatvie-4	False	expert	Chacon2014	tˀ e	expert	Chacon2014
Prototucanoan-76-locative-1		Prototucanoan	76-locative	*-tʔo	tʔ.o	tˀ o		Chacon2014			^ tʔ . o $	default	Prototucanoan	Proto-Tucanoan	tuca1253	Tucanoan					Tucanoan	76-locative	locative			Prototucanoan-76-locative-1-1	Prototucanoan-76-locative-1	tʔ.o	76-locative-5	False	expert	Chacon2014	tˀ o	expert	Chacon2014
Prototucanoan-107-snake-1		Prototucanoan	107-snake	*ãja	ã.j.a	ã j a		Chacon2014			^ ã . j . a $	default	Prototucanoan	Proto-Tucanoan	tuca1253	Tucanoan					Tucanoan	107-snake	snake	730.0	SNAKE	Prototucanoan-107-snake-1-1	Prototucanoan-107-snake-1	ã.j.a	107-snake-6	False	expert	Chacon2014	- ã j a	expert	Chacon2014
Prototucanoan-61-hot-1		Prototucanoan	61-hot	*atjɨ	a.ts.ɨ	a ts ɨ		Chacon2014			^ a . ts . ɨ $	default	Prototucanoan	Proto-Tucanoan	tuca1253	Tucanoan					Tucanoan	61-hot	hot	1286.0	HOT	Prototucanoan-61-hot-1-1	Prototucanoan-61-hot-1	a.ts.ɨ	61-hot-7	False	expert	Chacon2014	- a - ts ɨ - ( - - )	expert	Chacon2014
Prototucanoan-89-nose-1		Prototucanoan	89-nose	*ɨ̃kwʔe	ɨ̃.kwʔ.e	ɨ̃ kʷˀ e		Chacon2014			^ ɨ̃ . kwʔ . e $	default	Prototucanoan	Proto-Tucanoan	tuca1253	Tucanoan					Tucanoan	89-nose	nose	1221.0	NOSE	Prototucanoan-89-nose-1-1	Prototucanoan-89-nose-1	ɨ̃.kwʔ.e	89-nose-8	False	expert	Chacon2014	- ɨ̃ kʷˀ e - -	expert	Chacon2014
Prototucanoan-78-man-1		Prototucanoan	78-man	*ɨmɨ	ɨ.m.ɨ	ɨ m ɨ		Chacon2014			^ ɨ . m . ɨ $	default	Prototucanoan	Proto-Tucanoan	tuca1253	Tucanoan					Tucanoan	78-man	man	1554.0	MAN	Prototucanoan-78-man-1-1	Prototucanoan-78-man-1	ɨ.m.ɨ	78-man-9	False	expert	Chacon2014	ɨ m ɨ	expert	Chacon2014
Prototucanoan-101-pupunha-1		Prototucanoan	101-pupunha	*ɨne	ɨ.n.e	ɨ n e		Chacon2014			^ ɨ . n . e $	default	Prototucanoan	Proto-Tucanoan	tuca1253	Tucanoan					Tucanoan	101-pupunha	pupunha			Prototucanoan-101-pupunha-1-1	Prototucanoan-101-pupunha-1	ɨ.n.e	101-pupunha-10	False	expert	Chacon2014	ɨ n e	expert	Chacon2014
Prototucanoan-117-three-1		Prototucanoan	117-three	*ɨtʔia	ɨ.tʔ.i.a	ɨ tˀ i a		Chacon2014			^ ɨ . tʔ . i . a $	default	Prototucanoan	Proto-Tucanoan	tuca1253	Tucanoan					Tucanoan	117-three	three	492.0	THREE	Prototucanoan-117-three-1-1	Prototucanoan-117-three-1	ɨ.tʔ.i.a	117-three-11	False	expert	Chacon2014	ɨ tˀ i a	expert	Chacon2014
Prototucanoan-53-grape-1		Prototucanoan	53-grape	*ɨʔje	ɨ.ʔj.e	ɨ ˀj e		Chacon2014			^ ɨ . ʔj . e $	default	Prototucanoan	Proto-Tucanoan	tuca1253	Tucanoan					Tucanoan	53-grape	grape	920.0	GRAPE	Prototucanoan-53-grape-1-1	Prototucanoan-53-grape-1	ɨ.ʔj.e	53-grape-12	False	expert	Chacon2014	ɨ ˀj e -	expert	Chacon2014
Prototucanoan-59-heron-1		Prototucanoan	59-heron	*jahi	j.a.h.i	j a h i		Chacon2014			^ j . a . h . i $	default	Prototucanoan	Proto-Tucanoan	tuca1253	Tucanoan					Tucanoan	59-heron	heron	758.0	HERON	Prototucanoan-59-heron-1-1	Prototucanoan-59-heron-1	j.a.h.i	59-heron-13	False	expert	Chacon2014	j a h i	expert	Chacon2014
Prototucanoan-67-jaguar-1		Prototucanoan	67-jaguar	*jai	j.a.i	j a i		Chacon2014			^ j . a . i $	default	Prototucanoan	Proto-Tucanoan	tuca1253	Tucanoan					Tucanoan	67-jaguar	jaguar	1250.0	JAGUAR	Prototucanoan-67-jaguar-1-1	Prototucanoan-67-jaguar-1	j.a.i	67-jaguar-14	False	expert	Chacon2014	( - - ) j a - i ( - )	expert	Chacon2014
Prototucanoan-20-centipede-1		Prototucanoan	20-centipede	*jãkʔi	ɲ.ã.kʔ.i	ɲ ã kˀ i		Chacon2014			^ ɲ . ã . kʔ . i $	default	Prototucanoan	Proto-Tucanoan	tuca1253	Tucanoan					Tucanoan	20-centipede	centipede	1974.0	CENTIPEDE	Prototucanoan-20-centipede-1-1	Prototucanoan-20-centipede-1	ɲ.ã.kʔ.i	20-centipede-15	False	expert	Chacon2014	ɲ ã kˀ i ( - - - - )	expert	Chacon2014
Prototucanoan-29-deer-1		Prototucanoan	29-deer	*jama	j.a.m.a	j a m a		Chacon2014			^ j . a . m . a $	default	Prototucanoan	Proto-Tucanoan	tuca1253	Tucanoan					Tucanoan	29-deer	deer	1936.0	DEER	Prototucanoan-29-deer-1-1	Prototucanoan-29-deer-1	j.a.m.a	29-deer-16	False	expert	Chacon2014	j a m a	expert	Chacon2014
Prototucanoan-141-yam-1		Prototucanoan	141-yam	*jãpʔo	ɲ.ã.pʔ.o	ɲ ã pˀ o		Chacon2014			^ ɲ . ã . pʔ . o $	default	Prototucanoan	Proto-Tucanoan	tuca1253	Tucanoan					Tucanoan	141-yam	yam	410.0	YAM	Prototucanoan-141-yam-1-1	Prototucanoan-141-yam-1	ɲ.ã.pʔ.o	141-yam-17	False	expert	Chacon2014	ɲ ã pˀ o	expert	Chacon2014
Prototucanoan-18-caradioscoreaalata-1		Prototucanoan	18-caradioscoreaalata	*japi	j.a.p.i	j a p i		Chacon2014			^ j . a . p . i $	default	Prototucanoan	Proto-Tucanoan	tuca1253	Tucanoan					Tucanoan	18-caradioscoreaalata	cará(Dioscorea alata)			Prototucanoan-18-caradioscoreaalata-1-1	Prototucanoan-18-caradioscoreaalata-1	j.a.p.i	18-caradioscoreaalata-18	False	expert	Chacon2014	j a p i ( - - )	expert	Chacon2014
Prototucanoan-52-grandfather-1		Prototucanoan	52-grandfather	*jẽkku-	j.ẽ.kk.u	j ẽ kː u		Chacon2014			^ j . ẽ . kk . u $	default	Prototucanoan	Proto-Tucanoan	tuca1253	Tucanoan					Tucanoan	52-grandfather	grand-father	1383.0	GRANDFATHER	Prototucanoan-52-grandfather-1-1	Prototucanoan-52-grandfather-1	j.ẽ.kk.u	52-grandfather-19	False	expert	Chacon2014	j ẽ kː u ( - - )	expert	Chacon2014
Prototucanoan-73-land-1		Prototucanoan	73-land	*jepʔa	j.e.pʔ.a	j e pˀ a		Chacon2014			^ j . e . pʔ . a $	default	Prototucanoan	Proto-Tucanoan	tuca1253	Tucanoan					Tucanoan	73-land	land	626.0	LAND	Prototucanoan-73-land-1-1	Prototucanoan-73-land-1	j.e.pʔ.a	73-land-20	False	expert	Chacon2014	j e pˀ a	expert	Chacon2014
Prototucanoan-84-mouth2-1		Prototucanoan	84-mouth2	*jɨ-ʔo	j.ɨ.ʔ.o	j ɨ ʔ o		Chacon2014			^ j . ɨ . ʔ . o $	default	Prototucanoan	Proto-Tucanoan	tuca1253	Tucanoan					Tucanoan	84-mouth2	mouth2	674.0	MOUTH	Prototucanoan-84-mouth2-1-1	Prototucanoan-84-mouth2-1	j.ɨ.ʔ.o	84-mouth2-21	False	expert	Chacon2014	j ɨ ʔ o ( - - )	expert	Chacon2014
Prototucanoan-69-kapok-1		Prototucanoan	69-kapok	*jɨi	j.ɨ.i	j ɨ i		Chacon2014			^ j . ɨ . i $	default	Prototucanoan	Proto-Tucanoan	tuca1253	Tucanoan					Tucanoan	69-kapok	kapok	2499.0	KAPOK TREE	Prototucanoan-69-kapok-1-1	Prototucanoan-69-kapok-1	j.ɨ.i	69-kapok-22	False	expert	Chacon2014	j - ɨ - i - -	expert	Chacon2014
Prototucanoan-75-leg-1		Prototucanoan	75-leg	*jɨ̃ka	j.ɨ̃.k.a	j ɨ̃ k a		Chacon2014			^ j . ɨ̃ . k . a $	default	Prototucanoan	Proto-Tucanoan	tuca1253	Tucanoan					Tucanoan	75-leg	leg	1297.0	LEG	Prototucanoan-75-leg-1-1	Prototucanoan-75-leg-1	j.ɨ̃.k.a	75-leg-23	False	expert	Chacon2014	j ɨ̃ k a	expert	Chacon2014
Prototucanoan-64-i-1		Prototucanoan	64-i	*jɨʔɨ	j.ɨ.ʔ.ɨ	j ɨ ʔ ɨ		Chacon2014			^ j . ɨ . ʔ . ɨ $	default	Prototucanoan	Proto-Tucanoan	tuca1253	Tucanoan					Tucanoan	64-i	I	1209.0	I	Prototucanoan-64-i-1-1	Prototucanoan-64-i-1	j.ɨ.ʔ.ɨ	64-i-24	False	expert	Chacon2014	j ɨ ʔ ɨ	expert	Chacon2014
Prototucanoan-33-ear-1		Prototucanoan	33-ear	*kʔãpʔo	kʔ.ã.pʔ.o	kˀ ã pˀ o		Chacon2014			^ kʔ . ã . pʔ . o $	default	Prototucanoan	Proto-Tucanoan	tuca1253	Tucanoan					Tucanoan	33-ear	ear	1247.0	EAR	Prototucanoan-33-ear-1-1	Prototucanoan-33-ear-1	kʔ.ã.pʔ.o	33-ear-25	False	expert	Chacon2014	kˀ ã pˀ o	expert	Chacon2014
Prototucanoan-48-foot-1		Prototucanoan	48-foot	*kʔɨpʔo	kʔ.ɨ.pʔ.o	kˀ ɨ pˀ o		Chacon2014			^ kʔ . ɨ . pʔ . o $	default	Prototucanoan	Proto-Tucanoan	tuca1253	Tucanoan					Tucanoan	48-foot	foot	1301.0	FOOT	Prototucanoan-48-foot-1-1	Prototucanoan-48-foot-1	kʔ.ɨ.pʔ.o	48-foot-26	False	expert	Chacon2014	kˀ ɨ pˀ o	expert	Chacon2014
Prototucanoan-38-excrement-1		Prototucanoan	38-excrement	*kʔɨtʔa	kʔ.ɨ.tʔ.a	kˀ ɨ tˀ a		Chacon2014			^ kʔ . ɨ . tʔ . a $	default	Prototucanoan	Proto-Tucanoan	tuca1253	Tucanoan					Tucanoan	38-excrement	excrement	675.0	FAECES (EXCREMENT)	Prototucanoan-38-excrement-1-1	Prototucanoan-38-excrement-1	kʔ.ɨ.tʔ.a	38-excrement-27	False	expert	Chacon2014	kˀ ɨ tˀ a	expert	Chacon2014
Prototucanoan-127-tortoise-1		Prototucanoan	127-tortoise	*kʔoɨ	kʔ.o.ɨ	kˀ o ɨ		Chacon2014			^ kʔ . o . ɨ $	default	Prototucanoan	Proto-Tucanoan	tuca1253	Tucanoan					Tucanoan	127-tortoise	tortoise	895.0	TORTOISE	Prototucanoan-127-tortoise-1-1	Prototucanoan-127-tortoise-1	kʔ.o.ɨ	127-tortoise-28	False	expert	Chacon2014	kˀ o - ɨ ( - - )	expert	Chacon2014
Prototucanoan-131-urinate-1		Prototucanoan	131-urinate	*kʔone	kʔ.o.n.e	kˀ o n e		Chacon2014			^ kʔ . o . n . e $	default	Prototucanoan	Proto-Tucanoan	tuca1253	Tucanoan					Tucanoan	131-urinate	urinate	592.0	PISS	Prototucanoan-131-urinate-1-1	Prototucanoan-131-urinate-1	kʔ.o.n.e	131-urinate-29	False	expert	Chacon2014	kˀ o n e	expert	Chacon2014
Prototucanoan-60-hole-1		Prototucanoan	60-hole	*kʔope	kʔ.o.p.e	kˀ o p e		Chacon2014			^ kʔ . o . p . e $	default	Prototucanoan	Proto-Tucanoan	tuca1253	Tucanoan					Tucanoan	60-hole	hole	1667.0	HOLE	Prototucanoan-60-hole-1-1	Prototucanoan-60-hole-1	kʔ.o.p.e	60-hole-30	False	expert	Chacon2014	kˀ o p e	expert	Chacon2014
Prototucanoan-126-tooth-1		Prototucanoan	126-tooth	*kʔõpi	kʔ.õ.p.i	kˀ õ p i		Chacon2014			^ kʔ . õ . p . i $	default	Prototucanoan	Proto-Tucanoan	tuca1253	Tucanoan					Tucanoan	126-tooth	tooth	1380.0	TOOTH	Prototucanoan-126-tooth-1-1	Prototucanoan-126-tooth-1	kʔ.õ.p.i	126-tooth-31	False	expert	Chacon2014	kˀ õ p i ( - - - - - )	expert	Chacon2014
Prototucanoan-13-bone-1		Prototucanoan	13-bone	*kʔoʔa	kʔ.õ.ʔ.ã	kˀ õ ʔ ã		Chacon2014			^ kʔ . õ . ʔ . ã $	default	Prototucanoan	Proto-Tucanoan	tuca1253	Tucanoan					Tucanoan	13-bone	bone	1394.0	BONE	Prototucanoan-13-bone-1-1	Prototucanoan-13-bone-1	kʔ.õ.ʔ.ã	13-bone-32	False	expert	Chacon2014	kˀ õ ʔ ã	expert	Chacon2014
Prototucanoan-47-flower-1		Prototucanoan	47-flower	*kʔoʔo	kʔ.o.ʔ.o	kˀ o ʔ o		Chacon2014			^ kʔ . o . ʔ . o $	default	Prototucanoan	Proto-Tucanoan	tuca1253	Tucanoan					Tucanoan	47-flower	flower	239.0	FLOWER	Prototucanoan-47-flower-1-1	Prototucanoan-47-flower-1	kʔ.o.ʔ.o	47-flower-33	False	expert	Chacon2014	- - kˀ o ʔ o ( - - )	expert	Chacon2014
Prototucanoan-106-sleep-1		Prototucanoan	106-sleep	*kã-	k.ã	k ã		Chacon2014			^ k . ã $	default	Prototucanoan	Proto-Tucanoan	tuca1253	Tucanoan					Tucanoan	106-sleep	sleep	1585.0	SLEEP	Prototucanoan-106-sleep-1-1	Prototucanoan-106-sleep-1	k.ã	106-sleep-34	False	expert	Chacon2014	k ã - -	expert	Chacon2014
Prototucanoan-36-elevatedstructureshelvesroofetc-1		Prototucanoan	36-elevatedstructureshelvesroofetc	*kaja	k.a.j.a	k a j a		Chacon2014			^ k . a . j . a $	default	Prototucanoan	Proto-Tucanoan	tuca1253	Tucanoan					Tucanoan	36-elevatedstructureshelvesroofetc	elevated structure (shelves roof etc.)			Prototucanoan-36-elevatedstructureshelvesroofetc-1-1	Prototucanoan-36-elevatedstructureshelvesroofetc-1	k.a.j.a	36-elevatedstructureshelvesroofetc-35	False	expert	Chacon2014	k a j a	expert	Chacon2014
Prototucanoan-79-manioc-1		Prototucanoan	79-manioc	*kɨi	k.ɨ.i	k ɨ i		Chacon2014			^ k . ɨ . i $	default	Prototucanoan	Proto-Tucanoan	tuca1253	Tucanoan					Tucanoan	79-manioc	manioc	925.0	CASSAVA	Prototucanoan-79-manioc-1-1	Prototucanoan-79-manioc-1	k.ɨ.i	79-manioc-36	False	expert	Chacon2014	k ɨ i	expert	Chacon2014
Prototucanoan-140-woodpecker-1		Prototucanoan	140-woodpecker	*kone	k.o.n.e	k o n e		Chacon2014			^ k . o . n . e $	default	Prototucanoan	Proto-Tucanoan	tuca1253	Tucanoan					Tucanoan	140-woodpecker	woodpecker	2447.0	WOODPECKER	Prototucanoan-140-woodpecker-1-1	Prototucanoan-140-woodpecker-1	k.o.n.e	140-woodpecker-37	False	expert	Chacon2014	k o n e	expert	Chacon2014
Prototucanoan-119-tobite-1		Prototucanoan	119-tobite	*kũ	k.ũ	k ũ		Chacon2014			^ k . ũ $	default	Prototucanoan	Proto-Tucanoan	tuca1253	Tucanoan					Tucanoan	119-tobite	to bite	1403.0	BITE	Prototucanoan-119-tobite-1-1	Prototucanoan-119-tobite-1	k.ũ	119-tobite-38	False	expert	Chacon2014	k ũ - -	expert	Chacon2014
Prototucanoan-17-capybara-1		Prototucanoan	17-capybara	*kwetju	kw.e.tj.u	kʷ e tʲ u		Chacon2014			^ kw . e . tj . u $	default	Prototucanoan	Proto-Tucanoan	tuca1253	Tucanoan					Tucanoan	17-capybara	capybara	314.0	CAPYBARA	Prototucanoan-17-capybara-1-1	Prototucanoan-17-capybara-1	kw.e.tj.u	17-capybara-39	False	expert	Chacon2014	kʷ e tʲ u	expert	Chacon2014
Prototucanoan-133-wait-1		Prototucanoan	133-wait	*kwɨtʔe	kw.ɨ.tʔ.e	kʷ ɨ tˀ e		Chacon2014			^ kw . ɨ . tʔ . e $	default	Prototucanoan	Proto-Tucanoan	tuca1253	Tucanoan					Tucanoan	133-wait	wait	1590.0	WAIT (FOR)	Prototucanoan-133-wait-1-1	Prototucanoan-133-wait-1	kw.ɨ.tʔ.e	133-wait-40	False	expert	Chacon2014	kʷ ɨ tˀ e	expert	Chacon2014
Prototucanoan-77-macaw-1		Prototucanoan	77-macaw	*maha	m.a.h.a	m a h a		Chacon2014			^ m . a . h . a $	default	Prototucanoan	Proto-Tucanoan	tuca1253	Tucanoan					Tucanoan	77-macaw	macaw	1630.0	MACAW	Prototucanoan-77-macaw-1-1	Prototucanoan-77-macaw-1	m.a.h.a	77-macaw-41	False	expert	Chacon2014	( - - - ) m a h a	expert	Chacon2014
Prototucanoan-71-know-1		Prototucanoan	71-know	*masi	m.a.s.i	m a s i		Chacon2014			^ m . a . s . i $	default	Prototucanoan	Proto-Tucanoan	tuca1253	Tucanoan					Tucanoan	71-know	know	3626.0	KNOW	Prototucanoan-71-know-1-1	Prototucanoan-71-know-1	m.a.s.i	71-know-42	False	expert	Chacon2014	m a s i	expert	Chacon2014
Prototucanoan-94-path-1		Prototucanoan	94-path	*maʔa	m.a.ʔ.a	m a ʔ a		Chacon2014			^ m . a . ʔ . a $	default	Prototucanoan	Proto-Tucanoan	tuca1253	Tucanoan					Tucanoan	94-path	path	2252.0	PATH	Prototucanoan-94-path-1-1	Prototucanoan-94-path-1	m.a.ʔ.a	94-path-43	False	expert	Chacon2014	m a ʔ a	expert	Chacon2014
Prototucanoan-3-antsp-1		Prototucanoan	3-antsp	*meka	m.e.k.a	m e k a		Chacon2014			^ m . e . k . a $	default	Prototucanoan	Proto-Tucanoan	tuca1253	Tucanoan					Tucanoan	3-antsp	ant sp.	587.0	ANT	Prototucanoan-3-antsp-1-1	Prototucanoan-3-antsp-1	m.e.k.a	3-antsp-44	False	expert	Chacon2014	m e k a	expert	Chacon2014
Prototucanoan-63-hummingbird-1		Prototucanoan	63-hummingbird	*mimi	m.i.m.i	m i m i		Chacon2014			^ m . i . m . i $	default	Prototucanoan	Proto-Tucanoan	tuca1253	Tucanoan					Tucanoan	63-hummingbird	hummingbird	1589.0	HUMMINGBIRD	Prototucanoan-63-hummingbird-1-1	Prototucanoan-63-hummingbird-1	m.i.m.i	63-hummingbird-45	False	expert	Chacon2014	m i m i	expert	Chacon2014
Prototucanoan-142-youall-1		Prototucanoan	142-youall	*mɨ-tja	m.ɨ.ts.a	m ɨ ts a		Chacon2014			^ m . ɨ . ts . a $	default	Prototucanoan	Proto-Tucanoan	tuca1253	Tucanoan					Tucanoan	142-youall	you all	1213.0	YOU	Prototucanoan-142-youall-1-1	Prototucanoan-142-youall-1	m.ɨ.ts.a	142-youall-46	False	expert	Chacon2014	m ɨ ts a ( - - - - - - )	expert	Chacon2014
Prototucanoan-123-tobacco-1		Prototucanoan	123-tobacco	*mɨtʔo	m.ɨ.tʔ.o	m ɨ tˀ o		Chacon2014			^ m . ɨ . tʔ . o $	default	Prototucanoan	Proto-Tucanoan	tuca1253	Tucanoan					Tucanoan	123-tobacco	tobacco	974.0	TOBACCO	Prototucanoan-123-tobacco-1-1	Prototucanoan-123-tobacco-1	m.ɨ.tʔ.o	123-tobacco-47	False	expert	Chacon2014	m ɨ tˀ o	expert	Chacon2014
Prototucanoan-82-mosquito-1		Prototucanoan	82-mosquito	*mɨte	m.ɨ.t.e	m ɨ t e		Chacon2014			^ m . ɨ . t . e $	default	Prototucanoan	Proto-Tucanoan	tuca1253	Tucanoan					Tucanoan	82-mosquito	mosquito	1509.0	MOSQUITO	Prototucanoan-82-mosquito-1-1	Prototucanoan-82-mosquito-1	m.ɨ.t.e	82-mosquito-48	False	expert	Chacon2014	m ɨ t e	expert	Chacon2014
Prototucanoan-22-charcoal2-1		Prototucanoan	22-charcoal2	*neo	n.e.o	n e o		Chacon2014			^ n . e . o $	default	Prototucanoan	Proto-Tucanoan	tuca1253	Tucanoan					Tucanoan	22-charcoal2	charcoal (2)	1188.0	CHARCOAL	Prototucanoan-22-charcoal2-1-1	Prototucanoan-22-charcoal2-1	n.e.o	22-charcoal2-49	False	expert	Chacon2014	n e o	expert	Chacon2014
Prototucanoan-16-buritipalm-1		Prototucanoan	16-buritipalm	*neʔe	n.e.ʔ.e	n e ʔ e		Chacon2014			^ n . e . ʔ . e $	default	Prototucanoan	Proto-Tucanoan	tuca1253	Tucanoan					Tucanoan	16-buritipalm	buriti palm	3811.0	MIRITI PALM	Prototucanoan-16-buritipalm-1-1	Prototucanoan-16-buritipalm-1	n.e.ʔ.e	16-buritipalm-50	False	expert	Chacon2014	n e ʔ e	expert	Chacon2014
Prototucanoan-21-charcoal1-1		Prototucanoan	21-charcoal1	*nitti	n.i.tt.i	n i tː i		Chacon2014			^ n . i . tt . i $	default	Prototucanoan	Proto-Tucanoan	tuca1253	Tucanoan					Tucanoan	21-charcoal1	charcoal (1)	1188.0	CHARCOAL	Prototucanoan-21-charcoal1-1-1	Prototucanoan-21-charcoal1-1	n.i.tt.i	21-charcoal1-51	False	expert	Chacon2014	n i tː i	expert	Chacon2014
Prototucanoan-111-stop-1		Prototucanoan	111-stop	*nɨkʔ-	n.ɨ.kʔ	n ɨ kˀ		Chacon2014			^ n . ɨ . kʔ $	default	Prototucanoan	Proto-Tucanoan	tuca1253	Tucanoan					Tucanoan	111-stop	stop	3351.0	STOP DOING	Prototucanoan-111-stop-1-1	Prototucanoan-111-stop-1	n.ɨ.kʔ	111-stop-52	False	expert	Chacon2014	n ɨ kˀ -	expert	Chacon2014
Prototucanoan-96-penis-1		Prototucanoan	96-penis	*no-	n.o	n o		Chacon2014			^ n . o $	default	Prototucanoan	Proto-Tucanoan	tuca1253	Tucanoan					Tucanoan	96-penis	penis	1222.0	PENIS	Prototucanoan-96-penis-1-1	Prototucanoan-96-penis-1	n.o	96-penis-53	False	expert	Chacon2014	n o - ( - - )	expert	Chacon2014
Prototucanoan-120-tocry-1		Prototucanoan	120-tocry	*o-	o	o		Chacon2014			^ o $	default	Prototucanoan	Proto-Tucanoan	tuca1253	Tucanoan					Tucanoan	120-tocry	to cry	1839.0	CRY	Prototucanoan-120-tocry-1-1	Prototucanoan-120-tocry-1	o	120-tocry-54	False	expert	Chacon2014	o - -	expert	Chacon2014
Prototucanoan-7-bat-1		Prototucanoan	7-bat	*ojo	o.j.o	o j o		Chacon2014			^ o . j . o $	default	Prototucanoan	Proto-Tucanoan	tuca1253	Tucanoan					Tucanoan	7-bat	bat	1793.0	BAT	Prototucanoan-7-bat-1-1	Prototucanoan-7-bat-1	o.j.o	7-bat-55	False	expert	Chacon2014	- o - j o	expert	Chacon2014
Prototucanoan-135-water-1		Prototucanoan	135-water	*okko	o.kk.o	o kː o		Chacon2014			^ o . kk . o $	default	Prototucanoan	Proto-Tucanoan	tuca1253	Tucanoan					Tucanoan	135-water	water	948.0	WATER	Prototucanoan-135-water-1-1	Prototucanoan-135-water-1	o.kk.o	135-water-56	False	expert	Chacon2014	- - o kː o ( - - - - )	expert	Chacon2014
Prototucanoan-98-plant-1		Prototucanoan	98-plant	*otte	o.tt.e	o tː e		Chacon2014			^ o . tt . e $	default	Prototucanoan	Proto-Tucanoan	tuca1253	Tucanoan					Tucanoan	98-plant	plant	653.0	PLANT (VEGETATION)	Prototucanoan-98-plant-1-1	Prototucanoan-98-plant-1	o.tt.e	98-plant-57	False	expert	Chacon2014	- o tː e -	expert	Chacon2014
Prototucanoan-74-larva-1		Prototucanoan	74-larva	*pʔekko	pʔ.e.kk.o	pˀ e kː o		Chacon2014			^ pʔ . e . kk . o $	default	Prototucanoan	Proto-Tucanoan	tuca1253	Tucanoan					Tucanoan	74-larva	larva	2640.0	LARVA	Prototucanoan-74-larva-1-1	Prototucanoan-74-larva-1	pʔ.e.kk.o	74-larva-58	False	expert	Chacon2014	pˀ e kː o	expert	Chacon2014
Prototucanoan-108-spider-1		Prototucanoan	108-spider	*pʔɨpɨ	pʔ.ɨ.p.ɨ	pˀ ɨ p ɨ		Chacon2014			^ pʔ . ɨ . p . ɨ $	default	Prototucanoan	Proto-Tucanoan	tuca1253	Tucanoan					Tucanoan	108-spider	spider	843.0	SPIDER	Prototucanoan-108-spider-1-1	Prototucanoan-108-spider-1	pʔ.ɨ.p.ɨ	108-spider-59	False	expert	Chacon2014	pˀ ɨ p ɨ	expert	Chacon2014
Prototucanoan-115-termite-1		Prototucanoan	115-termite	*pʔutu	pʔ.u.t.u	pˀ u t u		Chacon2014			^ pʔ . u . t . u $	default	Prototucanoan	Proto-Tucanoan	tuca1253	Tucanoan					Tucanoan	115-termite	termite	883.0	TERMITE	Prototucanoan-115-termite-1-1	Prototucanoan-115-termite-1	pʔ.u.t.u	115-termite-60	False	expert	Chacon2014	pˀ u t u	expert	Chacon2014
Prototucanoan-97-people-1		Prototucanoan	97-people	*pʔã-tjã	pʔ.ã.ts.ã	pˀ ã ts ã		Chacon2014			^ pʔ . ã . ts . ã $	default	Prototucanoan	Proto-Tucanoan	tuca1253	Tucanoan					Tucanoan	97-people	people	789.0	PEOPLE	Prototucanoan-97-people-1-1	Prototucanoan-97-people-1	pʔ.ã.ts.ã	97-people-61	False	expert	Chacon2014	pˀ ã ts ã ( - - )	expert	Chacon2014
Prototucanoan-28-dance-1		Prototucanoan	28-dance	*pʔaja	pʔ.a.j.a	pˀ a j a		Chacon2014			^ pʔ . a . j . a $	default	Prototucanoan	Proto-Tucanoan	tuca1253	Tucanoan					Tucanoan	28-dance	dance	1879.0	DANCE	Prototucanoan-28-dance-1-1	Prototucanoan-28-dance-1	pʔ.a.j.a	28-dance-62	False	expert	Chacon2014	pˀ a j a	expert	Chacon2014
Prototucanoan-45-fishingnet-1		Prototucanoan	45-fishingnet	*pʔapi	pʔ.a.p.i	pˀ a p i		Chacon2014			^ pʔ . a . p . i $	default	Prototucanoan	Proto-Tucanoan	tuca1253	Tucanoan					Tucanoan	45-fishingnet	fishing net	388.0	FISHNET	Prototucanoan-45-fishingnet-1-1	Prototucanoan-45-fishingnet-1	pʔ.a.p.i	45-fishingnet-63	False	expert	Chacon2014	pˀ a p i	expert	Chacon2014
Prototucanoan-65-ingafruitsp-1		Prototucanoan	65-ingafruitsp	*pʔene	pʔ.e.n.e	pˀ e n e		Chacon2014			^ pʔ . e . n . e $	default	Prototucanoan	Proto-Tucanoan	tuca1253	Tucanoan					Tucanoan	65-ingafruitsp	inga (fruit sp.)			Prototucanoan-65-ingafruitsp-1-1	Prototucanoan-65-ingafruitsp-1	pʔ.e.n.e	65-ingafruitsp-64	False	expert	Chacon2014	pˀ e n e	expert	Chacon2014
Prototucanoan-32-duck-1		Prototucanoan	32-duck	*pʔete	pʔ.e.t.e	pˀ e t e		Chacon2014			^ pʔ . e . t . e $	default	Prototucanoan	Proto-Tucanoan	tuca1253	Tucanoan					Tucanoan	32-duck	duck	1360.0	DUCK	Prototucanoan-32-duck-1-1	Prototucanoan-32-duck-1	pʔ.e.t.e	32-duck-65	False	expert	Chacon2014	pˀ e t e	expert	Chacon2014
Prototucanoan-25-chili-1		Prototucanoan	25-chili	*pʔia	pʔ.i.a	pˀ i a		Chacon2014			^ pʔ . i . a $	default	Prototucanoan	Proto-Tucanoan	tuca1253	Tucanoan					Tucanoan	25-chili	chili	919.0	CHILI PEPPER	Prototucanoan-25-chili-1-1	Prototucanoan-25-chili-1	pʔ.i.a	25-chili-66	False	expert	Chacon2014	pˀ i a	expert	Chacon2014
Prototucanoan-109-squeeze-1		Prototucanoan	109-squeeze	*pʔipo	pʔ.i.p.o	pˀ i p o		Chacon2014			^ pʔ . i . p . o $	default	Prototucanoan	Proto-Tucanoan	tuca1253	Tucanoan					Tucanoan	109-squeeze	squeeze	1414.0	SQUEEZE	Prototucanoan-109-squeeze-1-1	Prototucanoan-109-squeeze-1	pʔ.i.p.o	109-squeeze-67	False	expert	Chacon2014	pˀ i p o	expert	Chacon2014
Prototucanoan-35-elder-1		Prototucanoan	35-elder	*pʔɨkɨ	pʔ.ɨ.k.ɨ	pˀ ɨ k ɨ		Chacon2014			^ pʔ . ɨ . k . ɨ $	default	Prototucanoan	Proto-Tucanoan	tuca1253	Tucanoan					Tucanoan	35-elder	elder	2112.0	OLD (AGED)	Prototucanoan-35-elder-1-1	Prototucanoan-35-elder-1	pʔ.ɨ.k.ɨ	35-elder-68	False	expert	Chacon2014	pˀ ɨ - k ɨ	expert	Chacon2014
Prototucanoan-136-white-1		Prototucanoan	136-white	*pʔo-	pʔ.o	pˀ o		Chacon2014			^ pʔ . o $	default	Prototucanoan	Proto-Tucanoan	tuca1253	Tucanoan					Tucanoan	136-white	white	1335.0	WHITE	Prototucanoan-136-white-1-1	Prototucanoan-136-white-1	pʔ.o	136-white-69	False	expert	Chacon2014	pˀ o - -	expert	Chacon2014
Prototucanoan-122-toadsp-1		Prototucanoan	122-toadsp	*pʔopa	pʔ.o.p.a	pˀ o p a		Chacon2014			^ pʔ . o . p . a $	default	Prototucanoan	Proto-Tucanoan	tuca1253	Tucanoan					Tucanoan	122-toadsp	toad sp.	894.0	TOAD	Prototucanoan-122-toadsp-1-1	Prototucanoan-122-toadsp-1	pʔ.o.p.a	122-toadsp-70	False	expert	Chacon2014	pˀ o p a	expert	Chacon2014
Prototucanoan-14-break-1		Prototucanoan	14-break	*pʔope	pʔ.o.p.e	pˀ o p e		Chacon2014			^ pʔ . o . p . e $	default	Prototucanoan	Proto-Tucanoan	tuca1253	Tucanoan					Tucanoan	14-break	break	680.0	BREAK (DESTROY OR GET DESTROYED)	Prototucanoan-14-break-1-1	Prototucanoan-14-break-1	pʔ.o.p.e	14-break-71	False	expert	Chacon2014	pˀ o p e	expert	Chacon2014
Prototucanoan-132-urucumachiote-1		Prototucanoan	132-urucumachiote	*pʔõsa	pʔ.õ.s.a	pˀ õ s a		Chacon2014			^ pʔ . õ . s . a $	default	Prototucanoan	Proto-Tucanoan	tuca1253	Tucanoan					Tucanoan	132-urucumachiote	urucum (achiote)			Prototucanoan-132-urucumachiote-1-1	Prototucanoan-132-urucumachiote-1	pʔ.õ.s.a	132-urucumachiote-72	False	expert	Chacon2014	pˀ õ s a	expert	Chacon2014
Prototucanoan-4-aracufish-1		Prototucanoan	4-aracufish	*pʔotʔika	pʔ.o.tʔ.i.k.a	pˀ o tˀ i k a		Chacon2014			^ pʔ . o . tʔ . i . k . a $	default	Prototucanoan	Proto-Tucanoan	tuca1253	Tucanoan					Tucanoan	4-aracufish	aracu fish			Prototucanoan-4-aracufish-1-1	Prototucanoan-4-aracufish-1	pʔ.o.tʔ.i.k.a	4-aracufish-73	False	expert	Chacon2014	pˀ o tˀ i k a	expert	Chacon2014
Prototucanoan-113-swell-1		Prototucanoan	113-swell	*pʔupi	pʔ.u.p.i	pˀ u p i		Chacon2014			^ pʔ . u . p . i $	default	Prototucanoan	Proto-Tucanoan	tuca1253	Tucanoan					Tucanoan	113-swell	swell	1573.0	SWELL	Prototucanoan-113-swell-1-1	Prototucanoan-113-swell-1	pʔ.u.p.i	113-swell-74	False	expert	Chacon2014	pˀ u p i	expert	Chacon2014
Prototucanoan-40-father-1		Prototucanoan	40-father	*pa-kɨ	p.a.k.ɨ	p a k ɨ		Chacon2014			^ p . a . k . ɨ $	default	Prototucanoan	Proto-Tucanoan	tuca1253	Tucanoan					Tucanoan	40-father	father	1217.0	FATHER	Prototucanoan-40-father-1-1	Prototucanoan-40-father-1	p.a.k.ɨ	40-father-75	False	expert	Chacon2014	p a k ɨ	expert	Chacon2014
Prototucanoan-8-big-1		Prototucanoan	8-big	*pahi	p.a.h.i	p a h i		Chacon2014			^ p . a . h . i $	default	Prototucanoan	Proto-Tucanoan	tuca1253	Tucanoan					Tucanoan	8-big	big	1202.0	BIG	Prototucanoan-8-big-1-1	Prototucanoan-8-big-1	p.a.h.i	8-big-76	False	expert	Chacon2014	p a h i	expert	Chacon2014
Prototucanoan-5-armadillo-1		Prototucanoan	5-armadillo	*pãmu	p.ã.m.u	p ã m u		Chacon2014			^ p . ã . m . u $	default	Prototucanoan	Proto-Tucanoan	tuca1253	Tucanoan					Tucanoan	5-armadillo	armadillo	1885.0	ARMADILLO	Prototucanoan-5-armadillo-1-1	Prototucanoan-5-armadillo-1	p.ã.m.u	5-armadillo-77	False	expert	Chacon2014	p ã m u	expert	Chacon2014
Prototucanoan-46-float-1		Prototucanoan	46-float	*paʔja	p.a.ʔj.a	p a ˀj a		Chacon2014			^ p . a . ʔj . a $	default	Prototucanoan	Proto-Tucanoan	tuca1253	Tucanoan					Tucanoan	46-float	float	1574.0	FLOAT	Prototucanoan-46-float-1-1	Prototucanoan-46-float-1	p.a.ʔj.a	46-float-78	False	expert	Chacon2014	p a ˀj a	expert	Chacon2014
Prototucanoan-42-fire-1		Prototucanoan	42-fire	*peka	p.e.k.a	p e k a		Chacon2014			^ p . e . k . a $	default	Prototucanoan	Proto-Tucanoan	tuca1253	Tucanoan					Tucanoan	42-fire	fire	221.0	FIRE	Prototucanoan-42-fire-1-1	Prototucanoan-42-fire-1	p.e.k.a	42-fire-79	False	expert	Chacon2014	p e k a	expert	Chacon2014
Prototucanoan-37-end-1		Prototucanoan	37-end	*petʔi	p.e.tʔ.i	p e tˀ i		Chacon2014			^ p . e . tʔ . i $	default	Prototucanoan	Proto-Tucanoan	tuca1253	Tucanoan					Tucanoan	37-end	end	742.0	END (OF SPACE)	Prototucanoan-37-end-1-1	Prototucanoan-37-end-1	p.e.tʔ.i	37-end-80	False	expert	Chacon2014	p e tˀ i -	expert	Chacon2014
Prototucanoan-124-tocandiraant-1		Prototucanoan	124-tocandiraant	*piata	p.i.a.t.a	p i a t a		Chacon2014			^ p . i . a . t . a $	default	Prototucanoan	Proto-Tucanoan	tuca1253	Tucanoan					Tucanoan	124-tocandiraant	tocandira ant			Prototucanoan-124-tocandiraant-1-1	Prototucanoan-124-tocandiraant-1	p.i.a.t.a	124-tocandiraant-81	False	expert	Chacon2014	p i a t a	expert	Chacon2014
Prototucanoan-92-palmweevil-1		Prototucanoan	92-palmweevil	*pĩko	p.ĩ.k.o	p ĩ k o		Chacon2014			^ p . ĩ . k . o $	default	Prototucanoan	Proto-Tucanoan	tuca1253	Tucanoan					Tucanoan	92-palmweevil	palm-weevil			Prototucanoan-92-palmweevil-1-1	Prototucanoan-92-palmweevil-1	p.ĩ.k.o	92-palmweevil-82	False	expert	Chacon2014	p ĩ k o	expert	Chacon2014
Prototucanoan-56-handpalm-1		Prototucanoan	56-handpalm	*pɨtɨ	p.ɨ.t.ɨ	p ɨ t ɨ		Chacon2014			^ p . ɨ . t . ɨ $	default	Prototucanoan	Proto-Tucanoan	tuca1253	Tucanoan					Tucanoan	56-handpalm	handpalm	1183.0	PALM OF HAND	Prototucanoan-56-handpalm-1-1	Prototucanoan-56-handpalm-1	p.ɨ.t.ɨ	56-handpalm-83	False	expert	Chacon2014	p ɨ t ɨ	expert	Chacon2014
Prototucanoan-116-thorn-1		Prototucanoan	116-thorn	*pota	p.o.t.a	p o t a		Chacon2014			^ p . o . t . a $	default	Prototucanoan	Proto-Tucanoan	tuca1253	Tucanoan					Tucanoan	116-thorn	thorn	124.0	THORN	Prototucanoan-116-thorn-1-1	Prototucanoan-116-thorn-1	p.o.t.a	116-thorn-84	False	expert	Chacon2014	p o t a	expert	Chacon2014
Prototucanoan-12-blow-1		Prototucanoan	12-blow	*pu-	p.u	p u		Chacon2014			^ p . u $	default	Prototucanoan	Proto-Tucanoan	tuca1253	Tucanoan					Tucanoan	12-blow	blow	175.0	BLOW (OF WIND)	Prototucanoan-12-blow-1-1	Prototucanoan-12-blow-1	p.u	12-blow-85	False	expert	Chacon2014	p u ( - - )	expert	Chacon2014
Prototucanoan-90-paca-1		Prototucanoan	90-paca	*seme	s.e.m.e	s e m e		Chacon2014			^ s . e . m . e $	default	Prototucanoan	Proto-Tucanoan	tuca1253	Tucanoan					Tucanoan	90-paca	paca	316.0	PACA	Prototucanoan-90-paca-1-1	Prototucanoan-90-paca-1	s.e.m.e	90-paca-86	False	expert	Chacon2014	s e m e	expert	Chacon2014
Prototucanoan-105-rub-1		Prototucanoan	105-rub	*sĩkʔe	s.ĩ.kʔ.e	s ĩ kˀ e		Chacon2014			^ s . ĩ . kʔ . e $	default	Prototucanoan	Proto-Tucanoan	tuca1253	Tucanoan					Tucanoan	105-rub	rub	1449.0	RUB	Prototucanoan-105-rub-1-1	Prototucanoan-105-rub-1	s.ĩ.kʔ.e	105-rub-87	False	expert	Chacon2014	- - - - s ĩ kˀ e	expert	Chacon2014
Prototucanoan-81-monkeysp-1		Prototucanoan	81-monkeysp	*sisi	s.i.s.i	s i s i		Chacon2014			^ s . i . s . i $	default	Prototucanoan	Proto-Tucanoan	tuca1253	Tucanoan					Tucanoan	81-monkeysp	monkey sp.	434.0	SPIDER MONKEY	Prototucanoan-81-monkeysp-1-1	Prototucanoan-81-monkeysp-1	s.i.s.i	81-monkeysp-88	False	expert	Chacon2014	( - - - - - ) s i s i ( - - - - - - )	expert	Chacon2014
Prototucanoan-121-tosmokemeat-1		Prototucanoan	121-tosmokemeat	*sɨʔjo	s.ɨ.ʔj.o	s ɨ ˀj o		Chacon2014			^ s . ɨ . ʔj . o $	default	Prototucanoan	Proto-Tucanoan	tuca1253	Tucanoan					Tucanoan	121-tosmokemeat	to smoke meat	1689.0	SMOKE (INHALE)	Prototucanoan-121-tosmokemeat-1-1	Prototucanoan-121-tosmokemeat-1	s.ɨ.ʔj.o	121-tosmokemeat-89	False	expert	Chacon2014	s ɨ ˀj o - -	expert	Chacon2014
Prototucanoan-6-back-1		Prototucanoan	6-back	*sõkɨ	s.õ.k.ɨ	s õ k ɨ		Chacon2014			^ s . õ . k . ɨ $	default	Prototucanoan	Proto-Tucanoan	tuca1253	Tucanoan					Tucanoan	6-back	back	1291.0	BACK	Prototucanoan-6-back-1-1	Prototucanoan-6-back-1	s.õ.k.ɨ	6-back-90	False	expert	Chacon2014	s õ k ɨ	expert	Chacon2014
Prototucanoan-100-pot-1		Prototucanoan	100-pot	*sot-	s.o.t	s o t		Chacon2014			^ s . o . t $	default	Prototucanoan	Proto-Tucanoan	tuca1253	Tucanoan					Tucanoan	100-pot	pot	1462.0	POT	Prototucanoan-100-pot-1-1	Prototucanoan-100-pot-1	s.o.t	100-pot-91	False	expert	Chacon2014	s o t -	expert	Chacon2014
Prototucanoan-102-red-1		Prototucanoan	102-red	*sõʔa	s.õ.ʔ.a	s õ ʔ a		Chacon2014			^ s . õ . ʔ . a $	default	Prototucanoan	Proto-Tucanoan	tuca1253	Tucanoan					Tucanoan	102-red	red	156.0	RED	Prototucanoan-102-red-1-1	Prototucanoan-102-red-1	s.õ.ʔ.a	102-red-92	False	expert	Chacon2014	s õ ʔ a	expert	Chacon2014
Prototucanoan-104-root-1		Prototucanoan	104-root	*tʔɨ̃kʔo	tʔ.ɨ̃.kʔ.o	tˀ ɨ̃ kˀ o		Chacon2014			^ tʔ . ɨ̃ . kʔ . o $	default	Prototucanoan	Proto-Tucanoan	tuca1253	Tucanoan					Tucanoan	104-root	root	670.0	ROOT	Prototucanoan-104-root-1-1	Prototucanoan-104-root-1	tʔ.ɨ̃.kʔ.o	104-root-93	False	expert	Chacon2014	tˀ ɨ̃ kˀ o	expert	Chacon2014
Prototucanoan-58-heavy-1		Prototucanoan	58-heavy	*tʔɨkkɨ	tʔ.ɨ.kk.ɨ	tˀ ɨ kː ɨ		Chacon2014			^ tʔ . ɨ . kk . ɨ $	default	Prototucanoan	Proto-Tucanoan	tuca1253	Tucanoan					Tucanoan	58-heavy	heavy	1210.0	HEAVY	Prototucanoan-58-heavy-1-1	Prototucanoan-58-heavy-1	tʔ.ɨ.kk.ɨ	58-heavy-94	False	expert	Chacon2014	tˀ ɨ kː ɨ	expert	Chacon2014
Prototucanoan-137-wife-1		Prototucanoan	137-wife	*tʔɨ̃po	tʔ.ɨ̃.p.o	tˀ ɨ̃ p o		Chacon2014			^ tʔ . ɨ̃ . p . o $	default	Prototucanoan	Proto-Tucanoan	tuca1253	Tucanoan					Tucanoan	137-wife	wife	1199.0	WIFE	Prototucanoan-137-wife-1-1	Prototucanoan-137-wife-1	tʔ.ɨ̃.p.o	137-wife-95	False	expert	Chacon2014	tˀ ɨ̃ p o	expert	Chacon2014
Prototucanoan-27-cut-1		Prototucanoan	27-cut	*tʔɨtte	tʔ.ɨ.tt.e	tˀ ɨ tː e		Chacon2014			^ tʔ . ɨ . tt . e $	default	Prototucanoan	Proto-Tucanoan	tuca1253	Tucanoan					Tucanoan	27-cut	cut	1432.0	CUT	Prototucanoan-27-cut-1-1	Prototucanoan-27-cut-1	tʔ.ɨ.tt.e	27-cut-96	False	expert	Chacon2014	tˀ ɨ tː e	expert	Chacon2014
Prototucanoan-129-trairafish-1		Prototucanoan	129-trairafish	*tʔoje	tʔ.o.j.e	tˀ o j e		Chacon2014			^ tʔ . o . j . e $	default	Prototucanoan	Proto-Tucanoan	tuca1253	Tucanoan					Tucanoan	129-trairafish	traira fish			Prototucanoan-129-trairafish-1-1	Prototucanoan-129-trairafish-1	tʔ.o.j.e	129-trairafish-97	False	expert	Chacon2014	tˀ o j e	expert	Chacon2014
Prototucanoan-139-woman-1		Prototucanoan	139-woman	*tʔõmi-	tʔ.õ.m.i	tˀ õ m i		Chacon2014			^ tʔ . õ . m . i $	default	Prototucanoan	Proto-Tucanoan	tuca1253	Tucanoan					Tucanoan	139-woman	woman	962.0	WOMAN	Prototucanoan-139-woman-1-1	Prototucanoan-139-woman-1	tʔ.õ.m.i	139-woman-98	False	expert	Chacon2014	tˀ õ m i ( - - )	expert	Chacon2014
Prototucanoan-31-dove-1		Prototucanoan	31-dove	*t∫ɨ-	t∫.ɨ	tʃ ɨ		Chacon2014			^ t∫ . ɨ $	default	Prototucanoan	Proto-Tucanoan	tuca1253	Tucanoan					Tucanoan	31-dove	dove	1853.0	DOVE	Prototucanoan-31-dove-1-1	Prototucanoan-31-dove-1	t∫.ɨ	31-dove-99	False	expert	Chacon2014	tʃ ɨ ( - - - - )	expert	Chacon2014
Prototucanoan-51-gather-1		Prototucanoan	51-gather	*t∫ɨ-a	t∫.ɨ.a	tʃ ɨ a		Chacon2014			^ t∫ . ɨ . a $	default	Prototucanoan	Proto-Tucanoan	tuca1253	Tucanoan					Tucanoan	51-gather	gather	7.0	GATHER	Prototucanoan-51-gather-1-1	Prototucanoan-51-gather-1	t∫.ɨ.a	51-gather-100	False	expert	Chacon2014	tʃ ɨ - a	expert	Chacon2014
Prototucanoan-87-navel-1		Prototucanoan	87-navel	*t∫õpʔɨ	t∫.õ.pʔ.ɨ	tʃ õ pˀ ɨ		Chacon2014			^ t∫ . õ . pʔ . ɨ $	default	Prototucanoan	Proto-Tucanoan	tuca1253	Tucanoan					Tucanoan	87-navel	navel	1838.0	NAVEL	Prototucanoan-87-navel-1-1	Prototucanoan-87-navel-1	t∫.õ.pʔ.ɨ	87-navel-101	False	expert	Chacon2014	tʃ õ pˀ ɨ ( - - )	expert	Chacon2014
Prototucanoan-54-grass-1		Prototucanoan	54-grass	*taja	t.a.j.a	t a j a		Chacon2014			^ t . a . j . a $	default	Prototucanoan	Proto-Tucanoan	tuca1253	Tucanoan					Tucanoan	54-grass	grass	606.0	GRASS	Prototucanoan-54-grass-1-1	Prototucanoan-54-grass-1	t.a.j.a	54-grass-102	False	expert	Chacon2014	t a j a	expert	Chacon2014
Prototucanoan-80-monkey-1		Prototucanoan	80-monkey	*takke	t.a.kk.e	t a kː e		Chacon2014			^ t . a . kk . e $	default	Prototucanoan	Proto-Tucanoan	tuca1253	Tucanoan					Tucanoan	80-monkey	monkey	1350.0	MONKEY	Prototucanoan-80-monkey-1-1	Prototucanoan-80-monkey-1	t.a.kk.e	80-monkey-103	False	expert	Chacon2014	t a kː e	expert	Chacon2014
Prototucanoan-24-chew-1		Prototucanoan	24-chew	*tjʔãkʔɨ	tsʔ.ã.kʔ.ɨ	tsˀ ã kˀ ɨ		Chacon2014			^ tsʔ . ã . kʔ . ɨ $	default	Prototucanoan	Proto-Tucanoan	tuca1253	Tucanoan					Tucanoan	24-chew	chew	321.0	CHEW	Prototucanoan-24-chew-1-1	Prototucanoan-24-chew-1	tsʔ.ã.kʔ.ɨ	24-chew-104	False	expert	Chacon2014	tsˀ ã kˀ ɨ	expert	Chacon2014
Prototucanoan-128-toucan-1		Prototucanoan	128-toucan	*tjʔase(?)	tsʔ.a.s.e	tsˀ a s e		Chacon2014			^ tsʔ . a . s . e $	default	Prototucanoan	Proto-Tucanoan	tuca1253	Tucanoan					Tucanoan	128-toucan	toucan	308.0	TOUCAN	Prototucanoan-128-toucan-1-1	Prototucanoan-128-toucan-1	tsʔ.a.s.e	128-toucan-105	False	expert	Chacon2014	tsˀ - a s e	expert	Chacon2014
Prototucanoan-125-tongue-1		Prototucanoan	125-tongue	*tjʔeme	tsʔ.e.m.e	tsˀ e m e		Chacon2014			^ tsʔ . e . m . e $	default	Prototucanoan	Proto-Tucanoan	tuca1253	Tucanoan					Tucanoan	125-tongue	tongue	1205.0	TONGUE	Prototucanoan-125-tongue-1-1	Prototucanoan-125-tongue-1	tsʔ.e.m.e	125-tongue-106	False	expert	Chacon2014	tsˀ e m e	expert	Chacon2014
Prototucanoan-9-black-1		Prototucanoan	9-black	*tjʔĩ	tsʔ.ĩ	tsˀ ĩ		Chacon2014			^ tsʔ . ĩ $	default	Prototucanoan	Proto-Tucanoan	tuca1253	Tucanoan					Tucanoan	9-black	black	163.0	BLACK	Prototucanoan-9-black-1-1	Prototucanoan-9-black-1	tsʔ.ĩ	9-black-107	False	expert	Chacon2014	tsˀ ĩ - -	expert	Chacon2014
Prototucanoan-34-egg-1		Prototucanoan	34-egg	*tjʔia	tsʔ.i.a	tsˀ i a		Chacon2014			^ tsʔ . i . a $	default	Prototucanoan	Proto-Tucanoan	tuca1253	Tucanoan					Tucanoan	34-egg	egg	744.0	EGG	Prototucanoan-34-egg-1-1	Prototucanoan-34-egg-1	tsʔ.i.a	34-egg-108	False	expert	Chacon2014	tsˀ i ( - a )	expert	Chacon2014
Prototucanoan-39-face-1		Prototucanoan	39-face	*tjʔia	tsʔ.i.a	tsˀ i a		Chacon2014			^ tsʔ . i . a $	default	Prototucanoan	Proto-Tucanoan	tuca1253	Tucanoan					Tucanoan	39-face	face	1560.0	FACE	Prototucanoan-39-face-1-1	Prototucanoan-39-face-1	tsʔ.i.a	39-face-109	False	expert	Chacon2014	tsˀ i - a ( - - - - )	expert	Chacon2014
Prototucanoan-103-river-1		Prototucanoan	103-river	*tjʔia	tsʔ.i.a	tsˀ i a		Chacon2014			^ tsʔ . i . a $	default	Prototucanoan	Proto-Tucanoan	tuca1253	Tucanoan					Tucanoan	103-river	river	666.0	RIVER	Prototucanoan-103-river-1-1	Prototucanoan-103-river-1	tsʔ.i.a	103-river-110	False	expert	Chacon2014	tsˀ i a	expert	Chacon2014
Prototucanoan-11-blood-1		Prototucanoan	11-blood	*tjʔie	tsʔ.i.e	tsˀ i e		Chacon2014			^ tsʔ . i . e $	default	Prototucanoan	Proto-Tucanoan	tuca1253	Tucanoan					Tucanoan	11-blood	blood	946.0	BLOOD	Prototucanoan-11-blood-1-1	Prototucanoan-11-blood-1	tsʔ.i.e	11-blood-111	False	expert	Chacon2014	tsˀ i - e ( - - )	expert	Chacon2014
Prototucanoan-72-lake-1		Prototucanoan	72-lake	*tjʔitta	tsʔ.i.tt.a	tsˀ i tː a		Chacon2014			^ tsʔ . i . tt . a $	default	Prototucanoan	Proto-Tucanoan	tuca1253	Tucanoan					Tucanoan	72-lake	lake	624.0	LAKE	Prototucanoan-72-lake-1-1	Prototucanoan-72-lake-1	tsʔ.i.tt.a	72-lake-112	False	expert	Chacon2014	tsˀ i tː a ( - - )	expert	Chacon2014
Prototucanoan-57-head-1		Prototucanoan	57-head	*tjʔɨpo	tsʔ.ɨ.p.o	tsˀ ɨ p o		Chacon2014			^ tsʔ . ɨ . p . o $	default	Prototucanoan	Proto-Tucanoan	tuca1253	Tucanoan					Tucanoan	57-head	head	1256.0	HEAD	Prototucanoan-57-head-1-1	Prototucanoan-57-head-1	tsʔ.ɨ.p.o	57-head-113	False	expert	Chacon2014	tsˀ ɨ p o	expert	Chacon2014
Prototucanoan-83-mouth1-1		Prototucanoan	83-mouth1	*tjʔɨseo	tsʔ.ɨ.s.e.o	tsˀ ɨ s e o		Chacon2014			^ tsʔ . ɨ . s . e . o $	default	Prototucanoan	Proto-Tucanoan	tuca1253	Tucanoan					Tucanoan	83-mouth1	mouth1	674.0	MOUTH	Prototucanoan-83-mouth1-1-1	Prototucanoan-83-mouth1-1	tsʔ.ɨ.s.e.o	83-mouth1-114	False	expert	Chacon2014	tsˀ ɨ s e ( o - )	expert	Chacon2014
Prototucanoan-30-distant-1		Prototucanoan	30-distant	*tjʔoa	tsʔ.o.a	tsˀ o a		Chacon2014			^ tsʔ . o . a $	default	Prototucanoan	Proto-Tucanoan	tuca1253	Tucanoan					Tucanoan	30-distant	distant	1406.0	FAR	Prototucanoan-30-distant-1-1	Prototucanoan-30-distant-1	tsʔ.o.a	30-distant-115	False	expert	Chacon2014	tsˀ o - a	expert	Chacon2014
Prototucanoan-70-kingfisher-1		Prototucanoan	70-kingfisher	*tjãsa	ts.ã.s.a	ts ã s a		Chacon2014			^ ts . ã . s . a $	default	Prototucanoan	Proto-Tucanoan	tuca1253	Tucanoan					Tucanoan	70-kingfisher	king-fisher	2444.0	KINGFISHER	Prototucanoan-70-kingfisher-1-1	Prototucanoan-70-kingfisher-1	ts.ã.s.a	70-kingfisher-116	False	expert	Chacon2014	ts ã s a	expert	Chacon2014
Prototucanoan-95-peccary-1		Prototucanoan	95-peccary	*tjẽse	ts.ẽ.s.e	ts ẽ s e		Chacon2014			^ ts . ẽ . s . e $	default	Prototucanoan	Proto-Tucanoan	tuca1253	Tucanoan					Tucanoan	95-peccary	peccary	2390.0	PECCARY	Prototucanoan-95-peccary-1-1	Prototucanoan-95-peccary-1	ts.ẽ.s.e	95-peccary-117	False	expert	Chacon2014	ts ẽ s e	expert	Chacon2014
Prototucanoan-99-poison-1		Prototucanoan	99-poison	*tjima	ts.i.m.a	ts i m a		Chacon2014			^ ts . i . m . a $	default	Prototucanoan	Proto-Tucanoan	tuca1253	Tucanoan					Tucanoan	99-poison	poison	655.0	POISON	Prototucanoan-99-poison-1-1	Prototucanoan-99-poison-1	ts.i.m.a	99-poison-118	False	expert	Chacon2014	ts i m a	expert	Chacon2014
Prototucanoan-55-green-1		Prototucanoan	55-green	*tjɨ̃pʔe	ts.ɨ̃.pʔ.e	ts ɨ̃ pˀ e		Chacon2014			^ ts . ɨ̃ . pʔ . e $	default	Prototucanoan	Proto-Tucanoan	tuca1253	Tucanoan					Tucanoan	55-green	green	1425.0	GREEN	Prototucanoan-55-green-1-1	Prototucanoan-55-green-1	ts.ɨ̃.pʔ.e	55-green-119	False	expert	Chacon2014	ts ɨ̃ pˀ e ( - - )	expert	Chacon2014
Prototucanoan-26-cold-1		Prototucanoan	26-cold	*tjɨsi	ts.ɨ.s.i	ts ɨ s i		Chacon2014			^ ts . ɨ . s . i $	default	Prototucanoan	Proto-Tucanoan	tuca1253	Tucanoan					Tucanoan	26-cold	cold	2483.0	COLD (OF WEATHER)	Prototucanoan-26-cold-1-1	Prototucanoan-26-cold-1	ts.ɨ.s.i	26-cold-120	False	expert	Chacon2014	ts ɨ s i ( - )	expert	Chacon2014
Prototucanoan-130-tree-1		Prototucanoan	130-tree	*tjũkkɨ	ts.ũ.kk.ɨ	ts ũ kː ɨ		Chacon2014			^ ts . ũ . kk . ɨ $	default	Prototucanoan	Proto-Tucanoan	tuca1253	Tucanoan					Tucanoan	130-tree	tree	906.0	TREE	Prototucanoan-130-tree-1-1	Prototucanoan-130-tree-1	ts.ũ.kk.ɨ	130-tree-121	False	expert	Chacon2014	ts ũ kː ɨ ( - - )	expert	Chacon2014
Prototucanoan-66-insectsp-1		Prototucanoan	66-insectsp	*tjusi	ts.u.s.i	ts u s i		Chacon2014			^ ts . u . s . i $	default	Prototucanoan	Proto-Tucanoan	tuca1253	Tucanoan					Tucanoan	66-insectsp	insect sp.	620.0	INSECT	Prototucanoan-66-insectsp-1-1	Prototucanoan-66-insectsp-1	ts.u.s.i	66-insectsp-122	False	expert	Chacon2014	ts u s i ( - - )	expert	Chacon2014
Prototucanoan-49-fruitsp-1		Prototucanoan	49-fruitsp	*toa	t.o.a	t o a		Chacon2014			^ t . o . a $	default	Prototucanoan	Proto-Tucanoan	tuca1253	Tucanoan					Tucanoan	49-fruitsp	fruit sp.	1507.0	FRUIT	Prototucanoan-49-fruitsp-1-1	Prototucanoan-49-fruitsp-1	t.o.a	49-fruitsp-123	False	expert	Chacon2014	t o a	expert	Chacon2014
Prototucanoan-112-stump-1		Prototucanoan	112-stump	*tu-	t.u	t u		Chacon2014			^ t . u $	default	Prototucanoan	Proto-Tucanoan	tuca1253	Tucanoan					Tucanoan	112-stump	stump	241.0	TREE STUMP	Prototucanoan-112-stump-1-1	Prototucanoan-112-stump-1	t.u	112-stump-124	False	expert	Chacon2014	t u ( - - - - )	expert	Chacon2014
Prototucanoan-91-pacufish-1		Prototucanoan	91-pacufish	*uhu	u.h.u	u h u		Chacon2014			^ u . h . u $	default	Prototucanoan	Proto-Tucanoan	tuca1253	Tucanoan					Tucanoan	91-pacufish	pacu fish	3922.0	PACU	Prototucanoan-91-pacufish-1-1	Prototucanoan-91-pacufish-1	u.h.u	91-pacufish-125	False	expert	Chacon2014	- u h u	expert	Chacon2014
Prototucanoan-15-breast-1		Prototucanoan	15-breast	*upe	u.p.e	u p e		Chacon2014			^ u . p . e $	default	Prototucanoan	Proto-Tucanoan	tuca1253	Tucanoan					Tucanoan	15-breast	breast	1402.0	BREAST	Prototucanoan-15-breast-1-1	Prototucanoan-15-breast-1	u.p.e	15-breast-126	False	expert	Chacon2014	- u p e ( - - )	expert	Chacon2014
Prototucanoan-134-wasp-1		Prototucanoan	134-wasp	*utti	u.tt.i	u tː i		Chacon2014			^ u . tt . i $	default	Prototucanoan	Proto-Tucanoan	tuca1253	Tucanoan					Tucanoan	134-wasp	wasp	1517.0	WASP	Prototucanoan-134-wasp-1-1	Prototucanoan-134-wasp-1	u.tt.i	134-wasp-127	False	expert	Chacon2014	- u tː i -	expert	Chacon2014
Prototucanoan-44-fishwithanet-1		Prototucanoan	44-fishwithanet	*waja	w.a.j.a	w a j a		Chacon2014			^ w . a . j . a $	default	Prototucanoan	Proto-Tucanoan	tuca1253	Tucanoan					Tucanoan	44-fishwithanet	fish with a net	2639.0	FISHING (WITH A NET)	Prototucanoan-44-fishwithanet-1-1	Prototucanoan-44-fishwithanet-1	w.a.j.a	44-fishwithanet-128	False	expert	Chacon2014	w a j a	expert	Chacon2014
Prototucanoan-23-cheek-1		Prototucanoan	23-cheek	*wajo	w.a.j.o	w a j o		Chacon2014			^ w . a . j . o $	default	Prototucanoan	Proto-Tucanoan	tuca1253	Tucanoan					Tucanoan	23-cheek	cheek	1730.0	CHEEK	Prototucanoan-23-cheek-1-1	Prototucanoan-23-cheek-1	w.a.j.o	23-cheek-129	False	expert	Chacon2014	w a j o ( - - )	expert	Chacon2014
Prototucanoan-86-name-1		Prototucanoan	86-name	*wãmi	w.ã.m.i	w ã m i		Chacon2014			^ w . ã . m . i $	default	Prototucanoan	Proto-Tucanoan	tuca1253	Tucanoan					Tucanoan	86-name	name	1405.0	NAME	Prototucanoan-86-name-1-1	Prototucanoan-86-name-1	w.ã.m.i	86-name-130	False	expert	Chacon2014	w ã m i	expert	Chacon2014
Prototucanoan-85-mythicalbeing-1		Prototucanoan	85-mythicalbeing	*wãtti	w.ã.tt.i	w ã tː i		Chacon2014			^ w . ã . tt . i $	default	Prototucanoan	Proto-Tucanoan	tuca1253	Tucanoan					Tucanoan	85-mythicalbeing	mythical being	2641.0	MYTHICAL BEING	Prototucanoan-85-mythicalbeing-1-1	Prototucanoan-85-mythicalbeing-1	w.ã.tt.i	85-mythicalbeing-131	False	expert	Chacon2014	w ã tː i	expert	Chacon2014
Prototucanoan-43-fish-1		Prototucanoan	43-fish	*waʔi	w.a.ʔ.i	w a ʔ i		Chacon2014			^ w . a . ʔ . i $	default	Prototucanoan	Proto-Tucanoan	tuca1253	Tucanoan					Tucanoan	43-fish	fish	227.0	FISH	Prototucanoan-43-fish-1-1	Prototucanoan-43-fish-1	w.a.ʔ.i	43-fish-132	False	expert	Chacon2014	w a ʔ i	expert	Chacon2014
Prototucanoan-114-tapir-1		Prototucanoan	114-tapir	*wekkɨ	w.e.kk.ɨ	w e kː ɨ		Chacon2014			^ w . e . kk . ɨ $	default	Prototucanoan	Proto-Tucanoan	tuca1253	Tucanoan					Tucanoan	114-tapir	tapir	312.0	TAPIR	Prototucanoan-114-tapir-1-1	Prototucanoan-114-tapir-1	w.e.kk.ɨ	114-tapir-133	False	expert	Chacon2014	w e kː ɨ	expert	Chacon2014
Prototucanoan-93-parrot-1		Prototucanoan	93-parrot	*wekko	w.e.kk.o	w e kː o		Chacon2014			^ w . e . kk . o $	default	Prototucanoan	Proto-Tucanoan	tuca1253	Tucanoan					Tucanoan	93-parrot	parrot	882.0	PARROT	Prototucanoan-93-parrot-1-1	Prototucanoan-93-parrot-1	w.e.kk.o	93-parrot-134	False	expert	Chacon2014	w e kː o	expert	Chacon2014
Prototucanoan-50-garden-1		Prototucanoan	50-garden	*wese	w.e.s.e	w e s e		Chacon2014			^ w . e . s . e $	default	Prototucanoan	Proto-Tucanoan	tuca1253	Tucanoan					Tucanoan	50-garden	garden	586.0	GARDEN	Prototucanoan-50-garden-1-1	Prototucanoan-50-garden-1	w.e.s.e	50-garden-135	False	expert	Chacon2014	w e s e	expert	Chacon2014
Prototucanoan-10-blackink-1		Prototucanoan	10-blackink	*weʔe	w.e.ʔ.e	w e ʔ e		Chacon2014			^ w . e . ʔ . e $	default	Prototucanoan	Proto-Tucanoan	tuca1253	Tucanoan					Tucanoan	10-blackink	black_ink	2643.0	INK	Prototucanoan-10-blackink-1-1	Prototucanoan-10-blackink-1	w.e.ʔ.e	10-blackink-136	False	expert	Chacon2014	w e ʔ e	expert	Chacon2014
Prototucanoan-138-wind-1		Prototucanoan	138-wind	*wĩno	w.ĩ.n.o	w ĩ n o		Chacon2014			^ w . ĩ . n . o $	default	Prototucanoan	Proto-Tucanoan	tuca1253	Tucanoan					Tucanoan	138-wind	wind	960.0	WIND	Prototucanoan-138-wind-1-1	Prototucanoan-138-wind-1	w.ĩ.n.o	138-wind-137	False	expert	Chacon2014	w ĩ n o	expert	Chacon2014
Prototucanoan-62-house-1		Prototucanoan	62-house	*wɨʔe	w.ɨ.ʔ.e	w ɨ ʔ e		Chacon2014			^ w . ɨ . ʔ . e $	default	Prototucanoan	Proto-Tucanoan	tuca1253	Tucanoan					Tucanoan	62-house	house	1252.0	HOUSE	Prototucanoan-62-house-1-1	Prototucanoan-62-house-1	w.ɨ.ʔ.e	62-house-138	False	expert	Chacon2014	w ɨ ʔ e ( - - )	expert	Chacon2014
Prototucanoan-118-thunder-1		Prototucanoan	118-thunder	*wɨ̃po	w.ɨ̃.p.o	w ɨ̃ p o		Chacon2014			^ w . ɨ̃ . p . o $	default	Prototucanoan	Proto-Tucanoan	tuca1253	Tucanoan					Tucanoan	118-thunder	thunder	1150.0	THUNDER	Prototucanoan-118-thunder-1-1	Prototucanoan-118-thunder-1	w.ɨ̃.p.o	118-thunder-139	False	expert	Chacon2014	( - ) w ɨ̃ p o	expert	Chacon2014
Prototucanoan-2-agouti-1		Prototucanoan	2-agouti	*wuɨ	w.u.ɨ	w u ɨ		Chacon2014			^ w . u . ɨ $	default	Prototucanoan	Proto-Tucanoan	tuca1253	Tucanoan					Tucanoan	2-agouti	agouti	313.0	AGOUTI	Prototucanoan-2-agouti-1-1	Prototucanoan-2-agouti-1	w.u.ɨ	2-agouti-140	False	expert	Chacon2014	w u ɨ	expert	Chacon2014
Prototucanoan-110-stone-1		Prototucanoan	110-stone	*kʔɨ̃ta	kʔ.ɨ̃.t.a	kˀ ɨ̃ t a		Chacon2014			^ kʔ . ɨ̃ . t . a $	default	Prototucanoan	Proto-Tucanoan	tuca1253	Tucanoan					Tucanoan	110-stone	stone	857.0	STONE	Prototucanoan-110-stone-1-1	Prototucanoan-110-stone-1	kʔ.ɨ̃.t.a	110-stone-141	False	expert	Chacon2014	kˀ ɨ̃ t a	expert	Chacon2014
