ID,Name,Concepticon_ID,Concepticon_Gloss,Portuguese_Gloss
Chacon-2019-220-1_grate,grate,3114,GRATE (SOMETHING),
Chacon-2019-220-2_hairy,hairy,,,
Chacon-2019-220-3_he,he,1211,HE,
Chacon-2019-220-4_instrumental,instrumental,,,
Chacon-2019-220-5_maniocflourinwater,manioc flour in water,,,
Chacon-2019-220-6_maniocsqueezer,manioc squeezer,,,
Chacon-2019-220-7_goodmorning,good morning,,,
Chacon-2019-220-8_riverchanel,river chanel,,,
Chacon-2019-220-9_porrige,porrige,3651,MUSH (FOOD),
Chacon-2019-220-10_sand,sand,3460,BEACH,
Chacon-2019-220-11_above,above,1741,ABOVE,
Chacon-2019-220-12_afternoon,afternoon,1807,AFTERNOON,
Chacon-2019-220-13_all,all,98,ALL,
Chacon-2019-220-14_anaconda,anaconda,896,ANACONDA (WATER BOA),
Chacon-2019-220-15_and,and,1577,AND,
Chacon-2019-220-16_animal,animal,619,ANIMAL,
Chacon-2019-220-17_arm,arm,1673,ARM,
Chacon-2019-220-18_ash,ash,646,ASH,
Chacon-2019-220-19_back,back,1291,BACK,
Chacon-2019-220-20_bad,bad,1292,BAD,
Chacon-2019-220-21_bark,bark,1204,BARK,
Chacon-2019-220-22_alive,alive,1422,BE ALIVE,
Chacon-2019-220-23_born,born,1090,BE BORN,
Chacon-2019-220-24_behind,behind,1686,BEHIND,
Chacon-2019-220-25_belly,belly,1251,BELLY,
Chacon-2019-220-26_below,below,1485,BELOW OR UNDER,
Chacon-2019-220-27_big,big,1202,BIG,
Chacon-2019-220-28_bird,bird,937,BIRD,
Chacon-2019-220-29_bite,bite,1403,BITE,
Chacon-2019-220-30_black,black,163,BLACK,
Chacon-2019-220-31_blood,blood,946,BLOOD,
Chacon-2019-220-32_blow,blow,176,BLOW (WITH MOUTH),
Chacon-2019-220-33_dull,dull,379,BLUNT,
Chacon-2019-220-34_bone,bone,1394,BONE,
Chacon-2019-220-35_boychild,"boy, child",1366,BOY,
Chacon-2019-220-36_breast,breast,1402,BREAST,
Chacon-2019-220-37_burn,burn,2102,BURN,
Chacon-2019-220-38_canoe,canoe,1970,CANOE,
Chacon-2019-220-39_chest,chest,1592,CHEST,
Chacon-2019-220-40_clean,clean,704,CLEAN,
Chacon-2019-220-41_cloud,cloud,1489,CLOUD,
Chacon-2019-220-42_cold,cold,1287,COLD,
Chacon-2019-220-43_come,come,1446,COME,
Chacon-2019-220-44_cook,cook,1100,COOK (SOMETHING),
Chacon-2019-220-45_corpse,corpse,767,CORPSE,
Chacon-2019-220-46_correct,correct,1725,CORRECT (RIGHT),
Chacon-2019-220-47_count,count,1420,COUNT,
Chacon-2019-220-48_cut,cut,1432,CUT,
Chacon-2019-220-49_dark,dark,706,DARK,
Chacon-2019-220-50_day,day,1260,DAY (24 HOURS),
Chacon-2019-220-51_devil,devil,1973,DEMON,
Chacon-2019-220-52_die,die,1494,DIE,
Chacon-2019-220-53_dig,dig,1418,DIG,
Chacon-2019-220-54_dirty,dirty,1230,DIRTY,
Chacon-2019-220-55_dog,dog,2009,DOG,
Chacon-2019-220-56_drink,drink,1401,DRINK,
Chacon-2019-220-57_dry,dry,1398,DRY,
Chacon-2019-220-58_dust,dust,2,DUST,
Chacon-2019-220-59_ear,ear,1247,EAR,
Chacon-2019-220-60_earth,earth,1228,EARTH (SOIL),
Chacon-2019-220-61_eat,eat,1336,EAT,
Chacon-2019-220-62_egg,egg,744,EGG,
Chacon-2019-220-63_eye,eye,1248,EYE,
Chacon-2019-220-64_fall,fall,1280,FALL,
Chacon-2019-220-65_far,far,1406,FAR,
Chacon-2019-220-66_grease,grease,323,FAT (ORGANIC SUBSTANCE),
Chacon-2019-220-67_father,father,1217,FATHER,
Chacon-2019-220-68_afraid,afraid,1419,FEAR (BE AFRAID),
Chacon-2019-220-69_feather,feather,1201,FEATHER,
Chacon-2019-220-70_few,few,1242,FEW,
Chacon-2019-220-71_field,field,212,FIELD,
Chacon-2019-220-72_fight,fight,1423,FIGHT,
Chacon-2019-220-73_nail,nail,1896,FINGERNAIL OR TOENAIL,
Chacon-2019-220-74_fire,fire,221,FIRE,
Chacon-2019-220-75_fish,fish,227,FISH,
Chacon-2019-220-76_fishv,fish (v),2638,FISHING,
Chacon-2019-220-77_five,five,493,FIVE,
Chacon-2019-220-78_meat,meat,2615,FLESH OR MEAT,
Chacon-2019-220-79_float,float,1574,FLOAT,
Chacon-2019-220-80_flower,flower,239,FLOWER,
Chacon-2019-220-81_fly,fly,1441,FLY (MOVE THROUGH AIR),
Chacon-2019-220-82_fog,fog,249,FOG,
Chacon-2019-220-83_foot,foot,1301,FOOT,
Chacon-2019-220-84_jungle,jungle,3808,JUNGLE,
Chacon-2019-220-85_four,four,1500,FOUR,
Chacon-2019-220-86_fruit,fruit,1507,FRUIT,
Chacon-2019-220-87_full,full,1429,FULL,
Chacon-2019-220-88_fur,fur,580,FUR,
Chacon-2019-220-89_girl,girl,1646,GIRL,
Chacon-2019-220-90_give,give,1447,GIVE,
Chacon-2019-220-91_go,go,695,GO,
Chacon-2019-220-92_good,good,1035,GOOD,
Chacon-2019-220-93_herbgrass,"herb, grass",2542,HERB,
Chacon-2019-220-94_green,green,1425,GREEN,
Chacon-2019-220-95_guts,guts,1334,GUTS,
Chacon-2019-220-96_hair,hair,2648,HAIR (HEAD),
Chacon-2019-220-97_hammock,hammock,2019,HAMMOCK,
Chacon-2019-220-98_hand,hand,1277,HAND,
Chacon-2019-220-99_head,head,1256,HEAD,
Chacon-2019-220-100_louse,louse,310,HEAD LOUSE,
Chacon-2019-220-101_hear,hear,1408,HEAR,
Chacon-2019-220-102_heart,heart,1223,HEART,
Chacon-2019-220-103_heavy,heavy,1210,HEAVY,
Chacon-2019-220-104_here,here,136,HERE,
Chacon-2019-220-105_hit,hit,1433,HIT,
Chacon-2019-220-106_hold,hold,1448,HOLD,
Chacon-2019-220-107_horn,horn,1393,HORN (ANATOMY),
Chacon-2019-220-108_hot,hot,2272,HOT OR WARM,
Chacon-2019-220-109_how,how,1239,HOW,
Chacon-2019-220-110_hunt,hunt,1435,HUNT,
Chacon-2019-220-111_husband,husband,1200,HUSBAND,
Chacon-2019-220-112_i,i,1209,I,
Chacon-2019-220-113_homeathome,home (at home),,,
Chacon-2019-220-114_in,in,1460,IN,
Chacon-2019-220-115_inside,inside,1606,INSIDE,
Chacon-2019-220-116_jaguar,jaguar,1250,JAGUAR,
Chacon-2019-220-117_kill,kill,1417,KILL,
Chacon-2019-220-118_knee,knee,1371,KNEE,
Chacon-2019-220-119_know,know,1410,KNOW (SOMETHING),
Chacon-2019-220-120_lake,lake,624,LAKE,
Chacon-2019-220-121_tapuru,tapuru,2640,LARVA,
Chacon-2019-220-122_leaf,leaf,628,LEAF,
Chacon-2019-220-123_left,left,244,LEFT,
Chacon-2019-220-124_leg,leg,1297,LEG,
Chacon-2019-220-125_lying,lying,215,LIE DOWN,
Chacon-2019-220-126_lightv,light (v),737,LIGHT (IGNITE),
Chacon-2019-220-127_lips,lips,478,LIP,
Chacon-2019-220-128_liver,liver,1224,LIVER,
Chacon-2019-220-129_long,long,1203,LONG,
Chacon-2019-220-130_man,man,1554,MAN,
Chacon-2019-220-131_many,many,1198,MANY,
Chacon-2019-220-132_milk,milk,635,MILK,
Chacon-2019-220-133_moon,moon,1313,MOON,
Chacon-2019-220-134_morning,morning,1339,MORNING,
Chacon-2019-220-135_mother,mother,1216,MOTHER,
Chacon-2019-220-136_mountain,mountain,639,MOUNTAIN,
Chacon-2019-220-137_mouth,mouth,674,MOUTH,
Chacon-2019-220-138_name,name,1405,NAME,
Chacon-2019-220-139_narrow,narrow,1267,NARROW,
Chacon-2019-220-140_navel,navel,1838,NAVEL,
Chacon-2019-220-141_near,near,1942,NEAR,
Chacon-2019-220-142_neck,neck,1333,NECK,
Chacon-2019-220-143_new,new,1231,NEW,
Chacon-2019-220-144_night,night,1233,NIGHT,
Chacon-2019-220-145_no,no,1269,NO,
Chacon-2019-220-146_nose,nose,1221,NOSE,
Chacon-2019-220-147_old,old,1229,OLD,
Chacon-2019-220-148_one,one,1493,ONE,
Chacon-2019-220-149_other,other,197,OTHER,
Chacon-2019-220-150_path,path,2252,PATH,
Chacon-2019-220-151_people,people,789,PEOPLE,
Chacon-2019-220-152_personcivilized,"person, civilized",,,
Chacon-2019-220-153_pierce,pierce,398,PIERCE,
Chacon-2019-220-154_play,play,1413,PLAY,
Chacon-2019-220-155_throw,throw,1456,THROW,
Chacon-2019-220-156_pull,pull,1455,PULL,
Chacon-2019-220-157_push,push,1452,PUSH,
Chacon-2019-220-158_rain,rain,658,RAIN (PRECIPITATION),
Chacon-2019-220-159_red,red,156,RED,
Chacon-2019-220-160_right,right,1019,RIGHT,
Chacon-2019-220-161_ripe,ripe,178,RIPE,
Chacon-2019-220-162_river,river,666,RIVER,
Chacon-2019-220-163_stone,stone,668,ROCK,
Chacon-2019-220-164_root,root,670,ROOT,
Chacon-2019-220-165_rope,rope,1218,ROPE,
Chacon-2019-220-166_rotten,rotten,1728,ROTTEN,
Chacon-2019-220-167_round,round,1395,ROUND,
Chacon-2019-220-168_run,run,1519,RUN,
Chacon-2019-220-169_saliva,saliva,1503,SALIVA,
Chacon-2019-220-170_salt,salt,1274,SALT,
Chacon-2019-220-171_say,say,1458,SAY,
Chacon-2019-220-172_scratch,scratch,1436,SCRATCH,
Chacon-2019-220-173_sea,sea,1474,SEA,
Chacon-2019-220-174_see,see,1409,SEE,
Chacon-2019-220-175_seed,seed,714,SEED,
Chacon-2019-220-176_sew,sew,1457,SEW,
Chacon-2019-220-177_sharp,sharp,1396,SHARP,
Chacon-2019-220-178_shoot,shoot,1172,SHOOT,
Chacon-2019-220-179_short,short,1645,SHORT,
Chacon-2019-220-180_sing,sing,1261,SING,
Chacon-2019-220-181_sit,sit,1416,SIT,
Chacon-2019-220-182_skin,skin,763,SKIN,
Chacon-2019-220-183_sky,sky,1732,SKY,
Chacon-2019-220-184_sleep,sleep,1585,SLEEP,
Chacon-2019-220-185_small,small,1246,SMALL,
Chacon-2019-220-186_smell,smell,2124,SMELL,
Chacon-2019-220-187_smoke,smoke,778,SMOKE (EXHAUST),
Chacon-2019-220-188_smooth,smooth,1234,SMOOTH,
Chacon-2019-220-189_snake,snake,730,SNAKE,
Chacon-2019-220-190_soul,soul,811,SOUL,
Chacon-2019-220-191_split,split,1437,SPLIT,
Chacon-2019-220-192_squeeze,squeeze,1414,SQUEEZE,
Chacon-2019-220-193_standing,standing,1442,STAND,
Chacon-2019-220-194_star,star,1430,STAR,
Chacon-2019-220-195_straight,straight,1404,STRAIGHT,
Chacon-2019-220-196_suck,suck,1421,SUCK,
Chacon-2019-220-197_sun,sun,1343,SUN,
Chacon-2019-220-198_swellup,swell up,1573,SWELL,
Chacon-2019-220-199_swim,swim,1439,SWIM,
Chacon-2019-220-200_tail,tail,1220,TAIL,
Chacon-2019-220-201_tell,tell,1711,TELL,
Chacon-2019-220-202_that,that,78,THAT,
Chacon-2019-220-203_there,there,1937,THERE,
Chacon-2019-220-204_they,they,817,THEY,
Chacon-2019-220-205_thick,thick,1244,THICK,
Chacon-2019-220-206_thin,thin,2308,THIN,
Chacon-2019-220-207_skinny,skinny,1400,THIN (SLIM),
Chacon-2019-220-208_think,think,2271,THINK,
Chacon-2019-220-209_this,this,1214,THIS,
Chacon-2019-220-210_you,you,1215,THOU,
Chacon-2019-220-211_three,three,492,THREE,
Chacon-2019-220-212_tie,tie,1917,TIE,
Chacon-2019-220-213_tongue,tongue,1205,TONGUE,
Chacon-2019-220-214_tooth,tooth,1380,TOOTH,
Chacon-2019-220-215_hometohome,home (to home),,,
Chacon-2019-220-216_tree,tree,906,TREE,
Chacon-2019-220-217_turn,turn,1588,TURN,
Chacon-2019-220-218_two,two,1498,TWO,
Chacon-2019-220-219_vine,vine,343,VINE,
Chacon-2019-220-220_vomit,vomit,1278,VOMIT,
Chacon-2019-220-221_walk,walk,1443,WALK,
Chacon-2019-220-222_wash,wash,1453,WASH,
Chacon-2019-220-223_water,water,948,WATER,
Chacon-2019-220-224_we,we,1212,WE,
Chacon-2019-220-225_wet,wet,1726,WET,
Chacon-2019-220-226_what,what,1236,WHAT,
Chacon-2019-220-227_when,when,1238,WHEN,
Chacon-2019-220-228_where,where,1237,WHERE,
Chacon-2019-220-229_white,white,1335,WHITE,
Chacon-2019-220-230_who,who,1235,WHO,
Chacon-2019-220-231_why,why,1270,WHY,
Chacon-2019-220-232_wide,wide,1243,WIDE,
Chacon-2019-220-233_wife,wife,1199,WIFE,
Chacon-2019-220-234_wind,wind,960,WIND,
Chacon-2019-220-235_wing,wing,1257,WING,
Chacon-2019-220-236_withpedro,with pedro,,,
Chacon-2019-220-237_woman,woman,962,WOMAN,
Chacon-2019-220-238_worm,worm,1219,WORM,
Chacon-2019-220-239_year,year,1226,YEAR,
Chacon-2019-220-240_yellow,yellow,1424,YELLOW,
Chacon-2019-220-241_yes,yes,1268,YES,
Chacon-2019-220-242_youpl,you pl.,1213,YOU,
Chacon-2019-220-243_boyyoungman,"boy, young man",76,YOUNG MAN,
