Language,Family,glottocode
Mapudungun,Araucanian,mapu1245
Achagua,Arawakan,acha1250
Baniwa,Arawakan,bani1255
Bare,Arawakan,bare1276
Baure,Arawakan,baur1253
Ignaciano,Arawakan,igna1246
Kabiyari,Arawakan,cabi1241
Lokono,Arawakan,araw1276
Mandawaka,Arawakan,mand1448
Paresi,Arawakan,pare1272
Piapoco,Arawakan,piap1246
Resígaro,Arawakan,resi1247
Tariana,Arawakan,tari1256
Trinitario,Arawakan,trin1278
Wapishana,Arawakan,wapi1253
Waurá,Arawakan,waur1244
Wayuu,Arawakan,wayu1243
Yavitero,Arawakan,yavi1245
Yine,Arawakan,yine1238
Yukuna,Arawakan,yucu1253
Central Aymara,Aymaran,cent2142
Cha'palaa,Barbacoan,chac1249
Bora,Boran,bora1263
Muinane,Boran,muin1242
Akawaio,Cariban,akaw1241
Akawaio/Ingariko dialect,Cariban,akaw1239
Apalai,Cariban,apal1257
Carijona,Cariban,cari1279
Eñepa,Cariban,enap1235
Kalapalo,Cariban,kuik1246
Kariña,Cariban,gali1262
Makiritare,Cariban,maqu1238
Makushi,Cariban,macu1259
Mapoyo,Cariban,mapo1246
Pemon,Cariban,pemo1248
Tiriyó,Cariban,trio1238
Wai Wai,Cariban,waiw1244
Waimiri Atroari,Cariban,waim1253
Wayana,Cariban,waya1269
Yabarana,Cariban,yaba1248
Yukpa,Cariban,yukp1241
Wari,Chapakuran,wari1268
Barí,Chibchan,bari1297
Muisca,Chibchan,chib1270
Aguaruna,Chicham,agua1253
Ashuar,Chicham,achu1248
Huambisa,Chicham,huam1247
Epena,Chocoan,epen1239
Northern Emberá,Chocoan,nort2972
Selknam,Chonan,onaa1245
Tehuelche,Chonan,tehu1242
Cuiva,Guahiban,cuib1242
Guayabero,Guahiban,guay1257
Macaguan,Guahiban,maca1259
Playero,Guahiban,play1240
Sikuani,Guahiban,guah1255
Mocoví,Guaicuruan,moco1246
Pilagá,Guaicuruan,pila1245
Toba,Guaicuruan,toba1269
Andoke,Isolate,ando1257
Arutani,Isolate,arut1244
Camsa,Isolate,cams1241
Candoshi-Shapra,Isolate,cand1248
Cayuvava,Isolate,cayu1262
Cofán,Isolate,cofa1242
Hodï,Isolate,yuwa1244
Itonama,Isolate,iton1250
Kwazá,Isolate,kwaz1243
Máku,Isolate,maku1246
Mosetén-Chimané,Isolate,mose1249
Movima,Isolate,movi1243
Páez,Isolate,paez1247
Puinave,Isolate,puin1248
Pumé,Isolate,pume1238
Sape,Isolate,sape1238
Taushiro,Isolate,taus1253
Tinigua,Isolate,tini1245
Trumai,Isolate,trum1247
Urarina,Isolate,urar1246
Waorani,Isolate,waor1240
Warao,Isolate,wara1303
Kakua,Kakua-Nukakan,cacu1241
Nukak,Kakua-Nukakan,nuka1242
Kanamarí,Katukinan,kana1291
Qawasqar,Kawesqaran,qawa1238
Canela,Macro-Jean,cane1242
Djeoromitxi,Macro-Jean,djeo1235
Kaingang,Macro-Jean,kain1272
Karajá,Macro-Jean,kara1500
Suyá,Macro-Jean,suya1243
Lengua,Mascoyan,leng1262
Sanapaná/Dialect Angaité,Mascoyan,anga1316
Sanapaná/Dialect Enlhet,Mascoyan,sana1298
Chorote Iyojwa'ja,Matacoan,iyoj1235
Maca,Matacoan,maca1260
Nivaclé,Matacoan,niva1238
Wichí Lhamtés Güisnay,Matacoan,wich1264
Dâw,Naduhupan,daww1239
Hup,Naduhupan,hupd1244
Nadëb/Rio Negro dialect,Naduhupan,rion1246
Nadëb/Roçado dialect,Naduhupan,roca1234
Yuhup,Naduhupan,yuhu1238
Chácobo,Panoan,chac1251
Kakataibo,Panoan,cash1251
Katukina,Panoan,pano1254
Matses,Panoan,mats1244
Pacahuara,Panoan,paca1246
Shipibo-Konibo,Panoan,ship1254
Yaminahua,Panoan,yami1256
Yagua,Peba-Yaguan,yagu1244
Ingá,Quechuan,inga1252
Napo Lowland Quichua,Quechuan,napo1242
Quechua Ayacuchano,Quechuan,ayac1239
Southern Pastaza Quechua,Quechuan,sout2990
Piaroa,Saliban,piar1243
Sáliva,Saliban,sali1298
Araona,Tacanan,arao1248
Cavineña,Tacanan,cavi1250
Ese Ejja,Tacanan,esee1248
Ese Ejja/Huarayo,Tacanan,esee1248
Tacana,Tacanan,taca1256
Tikuna,Tikuna-Juri,ticu1245
Bará,Tukanoan,poka1242
Barasano,Tukanoan,bara1380
Carapana,Tukanoan,cara1272
Cubeo,Tukanoan,cube1242
Desano,Tukanoan,desa1247
Koreguaje,Tukanoan,kore1283
Kotiria,Tukanoan,guan1269
Maihiki,Tukanoan,orej1242
Makuna,Tukanoan,macu1260
Secoya,Tukanoan,seco1241
Siona,Tukanoan,sion1247
Siriano,Tukanoan,siri1274
Tanimuca,Tukanoan,tani1258
Tatuyo,Tukanoan,tatu1247
Tukano,Tukanoan,tuca1252
Tuyuka,Tukanoan,tuyu1244
Waikhana,Tukanoan,pira1254
Waimaja,Tukanoan,waim1255
Yuruti,Tukanoan,yuru1263
Aché,Tupian,ache1246
Chiriguano,Tupian,east2555
Kamayurá,Tupian,kama1373
Karitiana,Tupian,kari1311
Kokama,Tupian,coca1259
Nheengatu,Tupian,nhen1239
Paraguayan Guaraní,Tupian,para1311
Sirionó,Tupian,siri1273
Wayampi,Tupian,waya1270
Chipaya,Uru-Chipayan,chip1262
Minica Witoto,Witotoan,mini1256
Murui Witoto,Witotoan,muru1274
Nɨpode Witoto,Witotoan,nupo1240
Ocaina,Witotoan,ocai1244
Ninam,Yanomaman,nina1238
Sanumá,Yanomaman,sanu1240
Yanomam,Yanomaman,yano1261
Yanomami,Yanomaman,yano1262
Ayoreo,Zamucoan,ayor1240
Iquito,Zaparoan,iqui1243
Záparo,Zaparoan,zapa1253
